driverId,name,ssn,location,certified,wage-plan
10,Joseph Moore,347-23-4321,"56227 Ingram Causeway
East Robert, SD 29918",Y,hours
11,Erik Wilson,566-91-2847,"4951 Richardson Road Apt. 862
South Cynthia, ND 26666",Y,hours
12,Jeffrey Johnson,675-79-2723,"31486 Ellis Burgs
Fosterville, ID 25577",Y,miles
13,Jordan May,789-55-6927,"8596 Osborne Way
Georgeville, VI 60159",Y,hours
14,Robert Sampson,345-88-7260,"29716 Smith Mountain
Reidchester, PR 30761",Y,miles
15,Sara Anderson,248-93-0443,"7567 Robinson Isle
Lake Davidstad, KY 87727",Y,hours
16,David Carson,700-31-7396,"175 Angela Path Suite 188
New Thomas, GA 19353",N,miles
17,Christina Henderson,322-52-1704,"036 Carla Mount
Jimmychester, MT 78877",N,miles
18,Angela Anderson,888-94-3376,"9061 Anne Rapid Apt. 368
Evansborough, NM 39010",Y,hours
19,David Howard,467-02-3201,"781 Robert Shoals
West Ashley, SC 38580",N,hours
20,Fernando Johnson,268-36-0350,"6004 Edward Streets Suite 637
Angelaberg, SD 88663",Y,hours
21,Amber Stone,110-21-1370,"835 Mary Junction Suite 681
New Matthewside, OH 10630",Y,miles
22,Mary Zuniga,846-46-1460,"37586 Cook Forge
New Theresaside, CO 08887",N,miles
23,Kimberly Turner,621-30-5310,"003 Nicholas Fields Suite 772
South Williamville, MH 36134",N,miles
24,Travis Orozco,448-05-0757,"5133 Smith Landing
North Jameschester, HI 28292",Y,miles
25,Bradley Williams,549-81-1842,"669 Madeline Views Apt. 236
North William, UT 65966",Y,hours
26,William Drake,349-20-1549,"95725 Smith Common Apt. 542
Buchananland, PR 87995",Y,miles
27,Alexis Rivers,797-81-1403,"USS Barton
FPO AE 62851",Y,hours
28,Mark Hall,168-77-4425,"874 Ann Street Apt. 597
Grahamstad, OK 45895",N,miles
29,Monica Vargas,542-87-7935,"713 Eric Park
Port Jesse, MT 48335",Y,miles
30,Jacob Booth,611-43-7411,"837 Shannon Valleys
West Catherineview, NC 32841",Y,miles
31,Rachel Moon,762-22-3563,"USNS Novak
FPO AE 49870",Y,hours
32,Maureen Roberts,740-51-9251,"904 Jeffrey Tunnel
Gregoryhaven, MA 35871",N,miles
33,Mikayla Williams,153-95-3178,"PSC 8696, Box 6558
APO AA 38412",Y,miles
34,James Flores,174-57-1432,"193 Dyer Mall
Joannehaven, IA 04971",Y,hours
35,Sandra Lewis,436-88-7365,"59948 Shane View
Chrischester, MD 25942",Y,miles
36,Timothy Cox,819-38-1670,"9565 Porter Plain
North Donna, MT 33184",N,miles
37,Eric Campbell,752-27-6170,"46519 Barnes Cliff
Nathanview, NJ 59610",N,miles
38,Alicia Wright,100-61-1556,"0887 Kathryn Plaza Apt. 418
South Judyhaven, AS 34692",N,miles
39,Kayla Estes,305-21-9109,"64429 Nathan Villages Suite 217
North Gregory, SC 20562",Y,miles
40,Mary Fletcher,299-39-7929,"52674 Vaughn Stravenue Suite 470
East Kennethmouth, AZ 16087",Y,miles
41,Mark Johnson,191-43-2502,"5680 Gonzalez Points Suite 843
New Cristiantown, SD 13011",Y,miles
42,Michael Anderson,282-44-4793,"03108 Kimberly Springs Suite 576
Danamouth, OH 86151",N,miles
43,Edward Finley,678-41-4957,"81112 Costa Drive Apt. 403
Kevinton, WV 37206",Y,hours
44,Jesse Webb,782-45-9107,"69664 Johnson Springs Suite 541
Lichester, DC 80477",Y,miles
45,Michael Valdez,841-68-1132,"0330 Tiffany Ridges Apt. 573
East Christina, VA 83082",N,miles
46,Mandy Thompson,682-38-5711,"46119 Jennifer Land Apt. 486
Phillipsside, WV 00697",Y,miles
47,Donald Hogan,365-77-7550,"151 Morgan Way
Thompsonview, FL 07937",Y,hours
48,Scott Guerrero,269-24-7857,"234 Anthony Pines
Murraymouth, NJ 43263",Y,miles
49,Lisa Lewis,793-76-4365,"89940 Olivia Via
Kellyview, MS 13109",N,hours
50,Alyssa Rodriguez,120-90-8056,"5241 Allison Turnpike
New Lisa, FL 71776",Y,hours
51,Michael Nolan,191-14-1064,"PSC 4855, Box 5941
APO AP 52875",Y,hours
52,Jeffery Hernandez,416-54-8644,"323 Shawn Station Apt. 271
Mccallview, PA 82777",Y,hours
53,Miss Amber Gibson DDS,485-15-1927,"729 Mcintyre Highway Suite 021
West Paul, WI 70404",N,hours
54,Zachary Rodriguez,477-27-5568,"3012 Joseph Course Apt. 216
Katieland, NY 96757",Y,hours
55,Deanna French,753-59-4636,"0959 Barnes Row Suite 717
Kevinland, SC 83348",Y,miles
56,Travis Watts,064-70-3173,"632 Stanley Key Apt. 026
Sharontown, OK 17938",N,miles
57,Keith Garcia,141-24-6881,"781 Watkins Route
Mariahview, NE 36930",N,hours
58,Carol Bowen,843-42-0115,"4140 Gilmore Forest
New Danielchester, IL 58133",N,hours
59,Autumn Valdez,845-10-6969,"9478 Castillo Rue Suite 451
Timothyland, MO 26578",N,miles
60,Dave Diaz,265-06-0240,"USCGC Kent
FPO AP 37876",Y,miles
61,Aaron Davis,731-05-3380,"Unit 4087 Box 7462
DPO AA 12236",N,miles
62,Travis Knight,423-65-1207,"715 Bailey Valley
South Jacqueline, MA 45736",N,miles
63,Mary Wright,128-57-9057,"576 David Mountains Apt. 328
East Stephanie, SC 68545",Y,miles
64,Amy Conley,695-57-1880,"82188 Christina Court
Port Valerie, NM 68096",N,miles
65,Nicole Hicks,550-32-1579,"1668 Miguel Turnpike
Joseborough, AR 63707",N,miles
66,Wendy Ray,246-25-2352,"055 Fletcher Pass
Port Laura, CO 70392",Y,miles
67,Timothy Rodgers,186-58-4711,"9964 David Spring
Swansonshire, AS 98571",N,miles
68,Daniel Watkins,384-74-5907,"307 Payne Pine
Morganstad, TX 14728",N,hours
69,Robert Grant,210-97-6155,"87624 Suzanne Meadows Apt. 179
Lake Seanborough, NH 02669",Y,miles
70,Timothy Sanchez,212-05-4251,"48895 Marie Crest
Robertsland, MP 98083",Y,miles
71,Susan Fuentes,815-71-4683,"PSC 9195, Box 6725
APO AA 68467",Y,miles
72,Joshua Brown,695-75-6350,"087 Hensley Loaf Apt. 926
Kevinfurt, CO 90290",Y,miles
73,Brady Pratt,514-57-8635,"8130 Jerry Hills
Adamsport, TX 19108",Y,miles
74,Antonio Ware,460-58-4813,"10033 Hahn View Apt. 541
Richardton, SC 59896",N,miles
75,Joyce Lindsey,136-71-1052,"6858 Garcia Islands Suite 796
Angelaville, VT 41656",Y,miles
76,Mackenzie Jarvis,474-34-9997,"65373 Davis Estate Apt. 645
Lake Evelynfort, NC 25951",Y,miles
77,Penny Strong,015-47-7723,"017 Chad Freeway
West Daniellefort, RI 95718",Y,hours
78,Jordan Wells,191-91-8162,"63473 Lopez Row Apt. 179
Robinbury, MD 46490",N,miles
79,Kristine Stewart,541-24-2873,"758 Smith Squares Apt. 149
Petershaven, CO 32675",N,miles
80,Grace Navarro,656-33-0002,"841 Karen Grove
Hawkinschester, WA 05310",N,miles
81,Andrew Clark,700-62-0945,"955 Tammy Hollow
Mcneilburgh, IA 79250",Y,miles
82,Andrew Allen,693-18-2858,"8423 Joe Terrace
East Cody, NM 90735",Y,miles
83,Gary Garcia,866-38-3911,"226 Wilson Hill Apt. 826
Lake Kelly, GA 72635",N,hours
84,Ashley Watson,891-85-0075,"5876 Courtney Mall Apt. 401
Bishopview, MT 57750",Y,hours
85,Kimberly Hubbard,217-66-9609,"2537 Maldonado Prairie Suite 942
Port April, IL 58063",Y,hours
86,Lisa Strickland,206-85-3293,"70203 Barker Landing
New Brett, MA 86898",N,miles
87,Christopher Robertson,268-57-2897,"577 Gary Ville Suite 642
Juanchester, MD 65752",Y,miles
88,Ashley Phillips,767-51-9058,"84167 Steve Trail
Mayerbury, ID 04235",N,hours
89,Sandra Alexander,530-15-6860,"6097 Smith Groves Apt. 664
Susanburgh, DC 76486",N,miles
90,Brandi Wilson,764-89-2139,"5843 Garcia Mill
Robertland, KY 66508",Y,hours
91,Natasha Jones,319-74-7598,"5712 Frey Locks
Pamelaberg, NY 12170",Y,miles
92,Tammy Diaz,630-11-5789,"46154 William Shore Apt. 004
Heathershire, AS 49788",Y,miles
93,Jessica Cole,024-46-5163,"5998 Katherine Junction
New Jodyborough, WY 30555",Y,hours
94,Steven Miller,105-45-8685,"930 Natalie Plain Apt. 289
East Savannah, MN 90163",N,hours
95,Laurie Jennings,062-32-2143,"68983 Pearson Run
North Ryanstad, WI 22110",Y,hours
96,Benjamin Martinez,038-73-7367,"11213 Andrew Fords
Meyersbury, FM 02817",Y,hours
97,Michael Russell,676-28-3829,"0095 James Turnpike Apt. 674
Cohenburgh, OR 95451",N,miles
98,Mary Miller,438-27-4647,"685 Sara Alley
Johnsonhaven, VT 59508",N,miles
99,Erin Morgan,637-68-7857,"2827 Hogan Dale Suite 963
West Manuelbury, MA 97093",Y,miles
100,Amy Diaz,456-06-4544,"845 Christopher Bridge Suite 936
Adamsfurt, RI 24377",Y,miles
101,Candice Snyder,022-92-9089,"3438 Lane Plain
Port Bradleyshire, AZ 83104",N,hours
102,Kristen Lane,348-15-3285,"56865 Dale Spurs
North Susanmouth, VT 31211",Y,hours
103,Rebecca Hamilton DVM,889-77-2520,"Unit 6830 Box 1258
DPO AA 18520",Y,hours
104,Pamela Smith,157-78-4495,"52114 Alison Street Suite 680
Colemanberg, KY 43554",N,miles
105,Jared Gonzalez,058-36-5075,"3438 Casey Lane Suite 644
Ramosshire, DE 49224",Y,hours
106,Charlene Ingram,322-09-7663,"9105 Sara Crescent Suite 618
Kathryntown, TX 30262",N,miles
107,Lisa Hansen,292-24-6278,"259 Saunders Meadow Suite 031
West Elizabethview, WA 99686",N,hours
108,Anthony Morrow,290-63-4933,"06783 Eric Loop
South Robert, AK 86832",N,miles
109,Mary Davis,775-33-8525,"4428 Karen Rapids
New Juliafort, AS 58297",N,hours
110,Tiffany Bell,050-94-8825,"7140 Cardenas Knoll Apt. 063
Kochchester, HI 98151",Y,hours
111,Brandon Robinson,002-56-8987,"3093 Katherine Harbor
West Deborahborough, VI 41875",Y,miles
112,Marisa Boyer,194-46-5508,"47483 Kyle Branch
Lake Annside, PW 72443",N,hours
113,Diane Jones,631-60-4098,"588 Brenda Run Suite 604
South Thomas, ND 39206",N,miles
114,Brittney Summers,409-05-5112,"USCGC Avery
FPO AA 12914",N,miles
115,Peter Cooper,566-36-7213,"695 Tonya Club Suite 880
Kelleyton, NE 62979",N,hours
116,Steven Johnson,693-44-2397,"19773 Charles Heights Apt. 415
Port Ashleyshire, CO 31314",N,miles
117,Nina Scott,131-51-3582,"658 Perkins Roads
New Amy, TN 70862",Y,hours
118,Nicole Eaton,370-30-0335,"8616 Garcia Hills
South Gail, OH 15150",Y,hours
119,Thomas Palmer,706-49-2178,"6748 Turner Courts Apt. 280
Cynthiahaven, ME 57150",N,hours
120,Scott Olson,072-43-8659,"879 Barber Springs
Snyderstad, KS 74367",Y,miles
121,Lisa Berry,615-60-2801,"Unit 8336 Box 9619
DPO AE 53010",Y,miles
122,Anita Lewis,296-71-8548,"093 Nicholas Radial Apt. 745
Leahborough, WA 67792",N,hours
123,Thomas Stewart,712-16-8138,"7739 Sharon Club
New Travisstad, GA 86717",N,hours
124,Heather Meyer,219-61-5948,"302 Jeremy Port Apt. 250
Port Christine, MS 84902",Y,hours
125,Ricky Williams,895-28-9756,"304 Flowers Highway Apt. 230
Aguilarbury, FM 53024",N,hours
126,Kevin Burton,150-80-9060,"573 Tanner Extension Suite 383
Devinberg, AZ 16874",N,miles
127,Tracy Singh,293-41-7604,"1530 Rosales Ford Suite 641
South Karenstad, WV 63156",Y,hours
128,Sarah Elliott,837-25-4310,"4166 Jose Track Suite 230
West Gary, OK 34957",N,miles
129,Tammy Wilson,366-09-5363,"514 Sullivan Heights
East Isabel, VA 40595",Y,miles
130,Clifford Fuller,641-62-5021,"93098 Julie Haven Suite 668
Reevesshire, KY 45419",Y,hours
131,Jasmine Cooper,080-81-2107,"8547 Myers Prairie Suite 300
West Davidtown, MI 51148",Y,hours
132,Amy Norris,073-98-9256,"PSC 3763, Box 0883
APO AE 87178",Y,miles
133,Gregory Jacobs,274-34-6983,"73896 Nash Overpass Suite 127
Cruzburgh, IL 45485",N,hours
134,Mariah Gibson,278-41-0046,"79670 Danielle Hill Apt. 640
Kathleenmouth, MH 06406",Y,hours
135,Dwayne Horn,052-67-0137,"046 Susan Turnpike Apt. 012
Port John, FM 52181",Y,miles
136,Michael Morgan,781-85-7264,"35672 Rodgers Road
Ryanmouth, MO 75236",Y,hours
137,Amber Davis,151-50-6155,"70971 Paul Fort
Kevinmouth, IA 79519",Y,miles
138,Calvin Bennett,645-48-5492,"855 Andrea Oval
South Karenside, IL 48847",N,hours
139,Mary Grant,086-42-8826,"7134 John Shoals
West Tony, AK 69617",Y,hours
140,Mark Romero,235-45-6699,"4087 Torres Mount Apt. 808
Port Alexander, WI 53163",N,hours
141,Lori Warren,024-24-4940,"48529 Shannon Lock Suite 942
Brookefurt, OK 01411",N,hours
142,Michelle Jackson,186-18-7849,"PSC 4799, Box 7661
APO AE 21489",N,miles
143,Emma Nunez,622-44-4635,"9915 May Loaf
Shannonstad, WV 92299",N,hours
144,John Anderson,419-02-3967,"559 Patrick Station
Ryanburgh, UT 12710",Y,miles
145,Phillip Carroll,401-63-6032,"68036 Kimberly Plaza Apt. 492
Lake Kristichester, WV 42137",N,hours
146,Joshua Bowen,342-94-4286,"9415 Kelly Course
New Austin, NV 85149",N,hours
147,Michael Fitzgerald,311-74-4063,"69584 Margaret Field Apt. 326
Port Rogerstad, IN 71722",N,hours
148,Bonnie Williams DDS,101-87-6493,"071 Franco Stream Apt. 918
New Johnport, NC 58642",Y,miles
149,Melissa Boone,180-56-8825,"42810 Cardenas Plaza Suite 678
Crawfordside, TN 56130",Y,hours
150,Laura Duran,159-39-2742,"79545 Ashley Springs Apt. 965
Kevinchester, MT 04165",Y,hours
151,Tracey Mckay MD,291-90-3990,"USS Owens
FPO AP 64568",N,miles
152,Stephanie Davis,082-63-6808,"8704 Jones Roads Apt. 898
Oliviamouth, CA 67989",Y,hours
153,Philip Reyes,579-48-8128,"21955 Steven Lodge Suite 176
Lake Nicholas, CT 28552",N,miles
154,Robin Crawford,725-80-8503,"1513 Michael Curve
North Adrian, AL 38760",Y,miles
155,Jared Little,564-34-9832,"75641 Velasquez Course
West Anita, OK 38045",Y,miles
156,Brandon Sims,222-94-0712,"21221 Cheyenne Lane Suite 136
Port Derrickberg, VI 54364",Y,miles
157,Bryan Bell,046-83-0835,"6095 Brian Turnpike
West Gregory, OR 32337",Y,miles
158,Jessica Roy,848-44-6091,"PSC 0572, Box 3938
APO AP 41469",N,hours
159,Trevor Wilson,184-08-1094,"45567 Shannon Island
North Michaeltown, VT 03524",Y,hours
160,Cheryl Stevens,808-25-5214,"32816 Nicholas Isle
Port Kelly, TX 68142",Y,miles
161,John Smith,874-96-1346,"1773 White Estate
Ballardburgh, KY 11667",N,hours
162,Dustin Sandoval,885-65-0843,"433 Ford Bridge
South Kimberly, MO 92539",Y,hours
163,William Hart,786-09-1405,"991 Tony Locks
New Clayton, PA 72775",N,miles
164,Dominique Ortiz,203-44-9688,"USNV Crawford
FPO AP 80079",Y,hours
165,Nancy Hayden,276-87-2612,"598 Gregory View Apt. 714
Port Rebecca, PW 84291",Y,hours
166,Ashley Garza,028-91-2389,"1588 Green Summit Apt. 539
East Ronnieport, AL 43399",N,hours
167,Theodore Hunter,711-76-6510,"8189 Mcintyre Fort Apt. 639
Selenafort, DE 65523",N,hours
168,Regina Coleman,567-69-0446,"9539 Marcus Street
North Kevin, MS 33328",Y,hours
169,Jeffrey Martin,672-20-0757,"941 Marshall Island
Sharonburgh, MO 71262",N,hours
170,Maria Rivera,699-23-3759,"604 Sweeney Expressway
Olivermouth, PR 66838",N,miles
171,Cynthia Tran,731-53-3391,"910 Michelle Turnpike Apt. 004
Wagnermouth, VA 21741",N,miles
172,Stephen Foster,436-87-7366,"USNV Ellison
FPO AE 04521",N,hours
173,Sarah Bass,402-95-3916,"870 Shane Island Apt. 859
Allenport, PR 82057",Y,miles
174,Maria Mccarthy,683-90-8424,"7570 John Spurs Suite 661
Prattchester, VI 35657",Y,hours
175,Mrs. Margaret Sanchez DDS,470-26-8745,"680 Michael Harbors Suite 454
Millerside, IN 57656",N,hours
176,Timothy Bennett,679-43-9186,"4676 Jennifer Forges Suite 827
Brianland, CO 47710",Y,miles
177,William Christensen,025-78-8602,"8426 Gonzalez Wall
Knappside, MH 28734",Y,miles
178,Kristin Terry,709-44-8029,"51787 Morrow Court Apt. 095
Teresamouth, MO 26545",N,hours
179,Elizabeth Lindsey,286-64-2352,"4456 Clark Mission Apt. 631
West Karen, NJ 28382",N,hours
180,Dr. Rebecca Rice,172-45-1051,"0423 Mcgrath Causeway
Port Adamfurt, NE 79501",N,miles
181,Kathy Marshall,764-60-3421,"79978 Miller Green Suite 430
Benitezhaven, MA 86943",Y,miles
182,Jeffrey Lee,868-08-7659,"6023 Wheeler Pine
West Emilyshire, KS 54847",Y,miles
183,Diana Ballard,313-17-1521,"497 Diana Junctions Apt. 523
Douglasfort, FL 41743",Y,miles
184,Debra Perez,325-72-0718,"95207 Phillips Dale Suite 429
Mccarthyland, CT 26954",N,miles
185,Greg Morrison,835-80-5825,"8341 Tanya Vista Apt. 406
South Mollymouth, PA 79595",N,miles
186,Jennifer Mcknight,890-77-6246,"51554 Alyssa Mountain
Pattersonton, NM 41648",N,miles
187,Marcus Riggs,061-16-3394,"284 Wise Valley
Lake Carriehaven, MH 80538",N,miles
188,Brandon Murillo,822-03-4360,"2667 Jimenez Road Apt. 120
South Shawnburgh, FM 07657",N,hours
189,Francis Cook,123-02-9584,"15241 Ralph Ridges Suite 174
Port Brianmouth, HI 46084",N,hours
190,Christopher Bowman,443-47-8554,"208 Patterson Port
South Travisborough, AK 22191",Y,hours
191,Linda Rogers,784-55-3099,"094 Horne Walks
North Jennaborough, MP 96240",N,hours
192,Amber Wood,106-02-3890,"290 Melissa Plain Suite 409
Ballardville, OH 36115",Y,hours
193,David Leon,575-37-6717,"6721 Cantrell Route
West Brendanton, IA 94294",N,hours
194,Ashley Torres,579-32-4675,"42861 Stephanie Locks Suite 626
North Russellville, DE 71443",Y,miles
195,Ashley Summers,831-58-8387,"2353 Stephanie Flats
East James, NH 01115",N,hours
196,Veronica James,536-02-7914,"PSC 8234, Box 2251
APO AA 53348",N,hours
197,Amber Blanchard,208-88-5236,"421 Michelle Brook Apt. 185
West Michaelton, KY 81067",N,hours
198,Christina Ayala,699-23-3516,"0316 Wendy Ramp
South Josephberg, ME 74122",Y,hours
199,William Nicholson,261-63-4501,"8151 Eric Groves Suite 894
West Melissa, NE 02546",N,hours
200,Teresa Miles,760-67-7314,"037 Cheyenne Lights Suite 549
Lake Christopher, NH 65778",Y,miles
201,Samantha Castillo,374-12-6325,"0369 Michelle Mews
East Michele, CA 41069",N,miles
202,Nicholas Sanchez,555-43-5796,"9924 James Lane
West Monique, VI 03319",N,miles
203,Charles Conner,884-72-4041,"71904 Lopez Stream
Davidsonburgh, UT 14068",Y,hours
204,Jon Goodwin,872-83-5755,"0437 Pamela Groves
East Elizabethmouth, SC 77665",N,miles
205,Mary Noble,036-25-8766,"529 Pugh Crescent
East Michael, TX 70544",N,miles
206,Michelle Garcia,595-80-9388,"8990 Brooks Place
Lake Ellenside, MP 81703",N,miles
207,Victor Barber,424-21-3608,"77548 Seth Isle Apt. 505
Stevenhaven, VA 13683",N,hours
208,Kristen James,142-26-1491,"99598 Mills Villages Suite 088
Snowmouth, MA 69090",Y,miles
209,Kimberly Wyatt,633-97-2200,"03050 Glenn Points
Bryantmouth, VI 32163",N,miles
210,Paul Johnson,191-37-9915,"6199 Kenneth Burgs Apt. 450
Port Bradtown, OK 98464",Y,hours
211,Anthony Wyatt,200-67-3263,"255 Stephanie Islands
North Brandi, IL 36403",Y,hours
212,Jeremy Stevens,353-95-8164,"7980 Dudley Via Apt. 792
Katieshire, MO 02027",N,miles
213,Ashley Young,390-82-8487,"PSC 7375, Box 7361
APO AE 78227",Y,hours
214,Mrs. Lori Schmidt MD,580-15-2769,"Unit 4908 Box 1930
DPO AA 44448",N,miles
215,Sheila Curtis,674-95-6464,"USS Love
FPO AE 41169",Y,hours
216,William Fuller,419-82-4674,"2429 Kathy Coves Suite 972
Port Amandaview, MD 31174",N,miles
217,Kelly Terrell,798-89-3989,"5363 Jackson Stravenue
Johnmouth, IA 92331",Y,hours
218,Larry Dougherty,277-93-3322,"0959 Casey Point
Changchester, CT 38031",Y,miles
219,Kristine Hamilton,045-97-3024,"USS Gray
FPO AA 52220",Y,miles
220,Thomas Robinson,056-37-7814,"479 Deborah Court
East Glennville, MN 33156",N,hours
221,Gary Dillon,441-37-4823,"286 Houston Squares
Lucasview, MP 45539",N,miles
222,Krista Brock,553-06-2857,"5006 Sean Forges Apt. 651
Castanedaland, IA 82818",N,miles
223,Amanda Freeman,457-09-8409,"881 Long Motorway Suite 099
East Emma, FL 77420",Y,miles
224,James Case,669-76-1384,"331 Powell Mountain
New Carolstad, UT 83157",N,miles
225,Kimberly Morrison,218-39-1799,"77221 Cassandra Curve Suite 184
Christopherborough, MD 02635",N,hours
226,Jonathon Brown,085-81-6125,"409 Warner Passage Apt. 777
East Andrewport, GA 19503",N,miles
227,Dr. Laura Coleman,003-49-5916,"32696 Taylor Circle Suite 278
Johnsonfurt, TN 63911",Y,miles
228,April Thompson,181-19-1947,"6609 Stephens Bridge Suite 508
Lisaview, MP 22919",N,miles
229,Cynthia Flynn,202-10-0963,"209 Charles Inlet Suite 895
New Laurachester, VI 24666",N,hours
230,Ann Garcia,725-03-7793,"6670 Christopher Cape Suite 352
Hoffmanchester, ME 01775",N,hours
231,Billy Rowe,630-53-3932,"Unit 9900 Box 4398
DPO AE 34322",Y,hours
232,Sandra Roberson,037-42-8087,"77313 Kathy Common Suite 067
Gardnertown, ND 41959",Y,miles
233,James Hopkins,596-64-7416,"297 Hudson Ford Suite 532
Port Danielfurt, MA 85841",Y,hours
234,Elizabeth Simpson,617-85-2349,"564 Armstrong Ville
Lake Rebekahchester, FM 12317",Y,miles
235,John Green,785-19-9722,"448 Rowland Oval Suite 386
Brittanychester, MT 19235",Y,miles
236,John Smith,403-14-8259,"87595 Goodman Stravenue
Romeromouth, NY 90475",N,miles
237,Darren Wong,729-71-8111,"8044 Alison Port
Lake Kenneth, VI 44527",N,hours
238,Mark Hall,897-46-2356,"441 Pearson Mountains
Kruegerchester, AS 72142",N,miles
239,George Murphy,847-78-5160,"875 Laura Trail Apt. 724
Ricehaven, AS 54828",N,miles
240,Jacob Perez,881-43-0307,"Unit 2781 Box 8277
DPO AP 18808",N,hours
241,Joseph Romero,682-19-2875,"446 Duffy Walk
East Julie, SC 61937",N,hours
242,Madeline Mason,709-55-5720,"910 Russell Trace Suite 160
Lake Loriport, KY 39720",Y,miles
243,Cody Wallace,014-45-4648,"356 Porter Land
New Dianeville, RI 68414",Y,hours
244,Tami Raymond,518-16-0924,"0686 Hernandez Tunnel Suite 563
East Mackenzie, ND 20408",Y,hours
245,Amanda Johnson,680-26-7358,"9998 Patrick Heights
Virginiafurt, NJ 53610",N,miles
246,Eugene Reed,203-35-9185,"USS Short
FPO AE 29488",N,hours
247,Stacy Jenkins,460-68-5539,"Unit 9802 Box 2571
DPO AE 62298",N,hours
248,Marvin Obrien,663-16-8220,"3133 Jennifer Burgs
Shepherdhaven, VT 36537",N,hours
249,Greg Miranda DVM,587-55-1661,"USNV Brown
FPO AA 34414",Y,miles
250,Jaclyn Jackson,276-90-6697,"Unit 2785 Box 7998
DPO AP 67316",N,hours
251,Jason Gomez,513-69-8212,"46327 Baker Greens Apt. 869
Port Bridgetside, AL 02359",N,hours
252,Andrew Webster,714-17-9628,"841 Griffin Bypass
South Robert, LA 33215",Y,miles
253,Tony Schmidt,441-10-8635,"USS Rhodes
FPO AA 47649",Y,miles
254,Benjamin Young,637-80-7351,"913 Jacqueline Mount Apt. 146
Port Jasonmouth, VT 93983",N,miles
255,James Warren,201-13-1269,"USCGC Johnson
FPO AP 85308",N,miles
256,Cameron Johnson,513-87-4536,"626 Taylor Pines
Lake Nicholas, NY 61576",Y,miles
257,Karen Robinson,542-99-5896,"27262 Brian Stravenue Suite 083
Lisafurt, WI 57018",Y,hours
258,Patrick Potts,874-95-1929,"63682 Christopher Knoll Suite 417
South Brandon, OH 89279",N,miles
259,Shawn Parks,754-34-3555,"286 Henderson Islands
South Carolineburgh, VI 36884",Y,hours
260,Sharon Massey,382-86-7173,"21076 Lawson Plains Apt. 873
Rodriguezport, OK 44949",N,miles
261,Mr. Joshua Howard,332-19-8546,"32291 Avery Village
Annaton, MH 89896",Y,miles
262,Jeanette Garcia,764-71-8729,"0252 Christopher Road
Staffordfurt, WA 97367",Y,miles
263,Spencer Mendez,546-94-7188,"PSC 5672, Box 8776
APO AA 88599",N,hours
264,Jennifer Horton,655-16-6783,"34052 Mark Highway Suite 335
Port Kathleenshire, AZ 31934",Y,hours
265,Rachel Lucas,108-88-0958,"665 Sherman Fields
North Jonathan, PR 95946",Y,hours
266,Andrew Harmon,723-06-3742,"696 Davis Parkways Apt. 217
Tracyport, GA 49578",Y,hours
267,Deborah Sanchez,652-76-2080,"92854 Jones Wells Suite 543
West Daniel, MH 23632",N,hours
268,Richard Smith,625-01-3038,"35628 Eric Summit
Kennethbury, TN 68006",Y,hours
269,Dustin Richard,640-46-1725,"15107 Estrada Pines Apt. 196
Port Susan, IA 92911",N,hours
270,Mrs. Courtney Wright,057-92-9045,"377 Michael Trace Apt. 514
West Jeffery, NY 33104",Y,miles
271,Jacob Nguyen,794-94-6512,"22770 Patricia Ville
Martinbury, FL 83506",N,hours
272,Teresa Martin,358-17-0374,"Unit 5797 Box 5184
DPO AE 92165",Y,miles
273,James Williams,081-19-9193,"11912 Lee Shores
Taylorshire, NM 40307",Y,hours
274,Erik Kelly,430-19-0715,"856 Veronica Mill
Lake Kennethport, CA 64649",Y,hours
275,Brooke Russo,291-93-4637,"505 Sara Squares
Shawnberg, GU 14388",Y,hours
276,Mr. John Tran,713-05-3461,"9476 Scott Vista Suite 914
Williamsstad, NY 60920",Y,miles
277,Crystal Adkins,528-42-7856,"150 Faulkner Trail Apt. 723
Jackieton, AR 81348",N,hours
278,Zachary Hicks,097-22-7979,"9600 Peterson Wells Suite 413
Abigailmouth, TX 45291",N,miles
279,Crystal Ruiz,796-46-1613,"86911 Kent Crest
Port Michaelville, VT 18656",N,hours
280,Tanya Williams,390-92-2370,"60458 Morgan Highway
North Davidview, MS 43401",N,hours
281,Kimberly Peterson,403-32-5108,"PSC 6012, Box 6677
APO AP 86262",N,hours
282,Nicholas Hanson,765-51-4801,"49776 Richard Path
Port Jasonshire, IA 28657",Y,hours
283,Ann Lee,056-37-8865,"0770 Christopher Summit
Gutierrezborough, HI 92052",N,miles
284,Tyrone Shelton,282-48-5370,"0412 Louis Crest Suite 246
Angelamouth, MD 98691",N,hours
285,Shelley Castro,190-93-4126,"PSC 6826, Box 2478
APO AE 28841",N,hours
286,Tanya Horn,765-01-0185,"8530 Williams Courts
Christopherhaven, KY 94571",N,miles
287,Jodi Harris,467-38-8050,"2772 Gross Stream
Jerryport, WA 13445",N,miles
288,Linda Little,525-93-6748,"549 Mills Passage Suite 045
Harrisonview, MA 49705",N,miles
289,Claudia Jones,639-22-1395,"856 Kevin Dam
Paulmouth, FL 21971",N,miles
290,Cheryl Webb,609-04-1129,"652 Nancy Falls
North Christophermouth, NY 80447",N,hours
291,Autumn Strong,335-11-0299,"7284 Derek Springs Apt. 841
South Richard, PA 77844",N,miles
292,Cheryl Morales,547-28-1915,"523 Michael Route
New Caroline, OR 21265",Y,miles
293,Christine Gonzalez,515-22-2241,"0654 Roman Ranch
New Ashleymouth, SC 87588",Y,hours
294,Evelyn Russell,195-99-1126,"Unit 9052 Box 0267
DPO AE 45257",N,miles
295,Ashley Ortiz,149-52-8653,"220 Sullivan Drive
North Mark, FL 32338",N,miles
296,Mario Smith,689-94-4068,"9043 Jones Dam
Johnsonview, MP 91722",N,miles
297,Eugene Jenkins,485-21-7375,"3955 Riley Green
North Juliastad, AR 37240",Y,hours
298,Chad Lewis,425-81-0749,"56156 Lauren Bypass
Glendashire, UT 71160",Y,hours
299,Melissa Blake,740-99-6134,"08082 Terrence Station
Joshuaside, SD 53641",Y,hours
300,Nicole Wu MD,172-75-6046,"887 Sharon Key
Heatherborough, AR 65037",Y,hours
301,Devin Sanders,485-60-7584,"81854 Lynn Circles Suite 434
New Jennaland, OH 06511",N,miles
302,Emily Campbell,195-88-5018,"5706 Hinton Lake Suite 028
Ashleyland, WA 38267",N,miles
303,Theresa Sherman,321-81-8973,"024 Mclean Grove
Phillipsmouth, OK 10707",Y,miles
304,Michele Chavez,809-34-5702,"153 Dustin Mountains
Nelsonfort, UT 49639",N,hours
305,Michael Lloyd,555-25-1133,"722 George River Apt. 488
Stokesfort, KS 90960",Y,hours
306,Lindsay Mathis,480-14-7436,"8025 Joshua Ramp
Port Joshua, MH 61889",N,hours
307,Tracy Douglas,611-13-1649,"0569 Hill Brook Suite 260
Nathanberg, LA 69189",N,hours
308,Valerie Irwin,747-15-2567,"2981 Cruz Station Apt. 024
Berghaven, KS 43124",Y,miles
309,Laurie Walsh,776-03-9926,"3593 Kenneth Burgs
Lake Zacharyhaven, MA 71450",N,miles
310,Jonathan Baxter,115-55-0723,"63532 Gregory Station
Christopherfort, NC 45947",N,miles
311,John Lopez,038-97-2676,"Unit 5528 Box 6455
DPO AA 04003",Y,miles
312,Rebecca Shaw,360-91-0574,"76391 Patricia Mountains
North Ashleyville, MA 40578",Y,miles
313,Sarah Guerrero,120-68-2452,"22089 Brooks Rapid
South Robinport, WY 24125",Y,miles
314,Heather Bright,058-31-4490,"736 Frederick Landing
Mariahaven, CA 85801",N,hours
315,Holly Martin,382-11-2649,"3655 John Brook
Nancyview, RI 63100",Y,miles
316,Ronald Santos,051-68-6203,"877 Burns Walks Apt. 557
Martinezstad, GU 46396",N,hours
317,Reginald Powell,467-55-8606,"978 Cheryl Drives Suite 238
Lake Christina, AS 54199",Y,hours
318,Angela Morris,807-17-7971,"838 Henderson Villages Apt. 937
Webbburgh, PA 49142",N,hours
319,Tracy Pitts,855-66-0867,"11783 Herrera Turnpike
Michaelchester, FM 41662",Y,hours
320,Emma Cooper,891-10-2580,"976 Hall Glen
Riggsview, IL 63079",Y,hours
321,Harold Smith,804-46-1095,"1780 Le Views Apt. 809
North Shawnmouth, ID 43759",Y,miles
322,Dawn Morris,584-90-9989,"729 Gregory Isle Suite 897
Jacksonchester, NE 68143",N,miles
323,Monica Salazar,488-64-6621,"61105 Rose Via
Lake Laurenside, SD 67156",N,hours
324,Andrea Bennett,054-48-4155,"Unit 6606 Box 5654
DPO AE 08976",N,hours
325,Michelle Howell,686-48-4802,"3237 Brady Island
Washingtonburgh, UT 70551",Y,miles
326,Shannon Reyes,169-50-2468,"09930 Kim Well
Juliefort, MI 76095",Y,hours
327,Joseph Wang,271-90-5081,"2399 Lewis Locks
Portermouth, UT 60902",N,hours
328,Janet Nelson,754-28-6286,"2952 Mark Vista
South Davidtown, PR 28834",N,miles
329,Mr. Matthew Mcintosh,110-24-5918,"PSC 9382, Box 2442
APO AE 16097",N,hours
330,David Nelson,195-12-3837,"6252 Myers Mountain Suite 567
Cynthiatown, SD 01847",Y,miles
331,Sheri Jones,291-95-8260,"5908 Michele Inlet
Cameronchester, MI 99474",Y,hours
332,Susan Brown,183-38-1433,"53238 Jessica Station Apt. 782
Barreraville, DE 89404",N,hours
333,Emma Rodriguez,136-43-5269,"16748 Philip Bridge Apt. 533
Ashleymouth, PR 76552",Y,hours
334,Nancy Nelson,672-17-8098,"9569 Anthony Drive
South Jessicaberg, SC 53205",Y,hours
335,Angela Thomas,316-43-5304,"40623 Reed Walks Apt. 167
Port Kevin, GU 56718",N,hours
336,Christopher Edwards Jr.,781-48-0688,"6398 Samantha Stream
Saundersstad, ID 92532",Y,miles
337,Heather Cantrell,777-80-2985,"136 Martin Pine Apt. 716
Claytonfort, NE 30875",Y,hours
338,Michael Kemp,289-94-0982,"9894 Harris Plains
Codystad, AL 12029",N,miles
339,Jodi Lyons,290-17-4646,"987 Maynard Ridge Suite 390
Port Jamesfurt, VI 41210",Y,miles
340,Alexander Kennedy,401-83-5895,"659 Wright Mountain
Roberthaven, CO 75659",N,hours
341,Jennifer Rodriguez,749-43-3391,"747 Patricia Crossroad Apt. 366
West Austinfurt, NH 81839",N,hours
342,Ricardo Mitchell,702-03-7842,"04604 Christine Hill Apt. 209
North Cory, NC 95564",N,miles
343,Robert Moreno,149-99-4350,"5750 Joseph Terrace
Doughertyberg, UT 71986",N,hours
344,David Clark,530-91-7064,"5144 Brandon Mill
Port Gregoryhaven, DC 74246",Y,miles
345,Michael Vargas,731-47-5558,"40506 Theresa Roads Suite 036
Dannyland, CA 17325",N,hours
346,Rachel Boone,252-39-4597,"9746 Amanda Plain
Tateview, NJ 29406",N,miles
347,Bruce Salazar,022-29-8973,"41063 Blackwell Mount Apt. 267
Mathewsborough, NE 62644",Y,hours
348,Matthew Jones,517-25-2093,"647 Angela Path Suite 324
Port Stephen, NY 07405",N,hours
349,Darrell Carter,234-72-8161,"63613 Price Club Apt. 749
Phyllischester, FL 93072",N,hours
350,Scott Brown,186-03-5294,"460 Zamora Creek
New Zachary, HI 65014",N,hours
351,Brent Tran,149-91-7868,"6443 Emily Lane Suite 825
Youngshire, CT 68382",Y,hours
352,Audrey Marsh,585-82-5558,"49055 Torres Extension
Lake Lisa, NV 90704",N,hours
353,Kelsey Meyer,520-72-6034,"1259 Alexis Hollow
West Michaelhaven, IA 81258",N,miles
354,Amanda Brown,189-59-8922,"61692 Greene Branch
North Lindseyfort, WI 54866",Y,hours
355,Jeffery Jones,143-33-3454,"47086 Wagner Manor Suite 112
North William, DE 72968",N,hours
356,Shelley Ho,889-67-2056,"1921 Robert Spurs
Robertchester, PA 45863",Y,hours
357,Lisa Freeman,693-44-7137,"96560 Scott Ports Suite 389
Sharonland, OR 61367",N,miles
358,Briana Humphrey,869-85-1030,"64882 John Garden
Cervantesport, WV 18940",N,miles
359,Steven Phillips,523-83-0568,"393 Bailey Lodge Apt. 979
Careyfort, MI 40831",N,hours
360,Mr. William Bruce MD,148-28-1409,"3223 Allen Ports Suite 356
Nicholasmouth, AL 34866",N,hours
361,Peter Sims,673-05-3760,"70068 John Springs Suite 750
Lake Valerieville, GA 90008",N,hours
362,Brandon Padilla,309-11-7880,"584 Peterson Valleys
South Chadview, MT 84544",Y,hours
363,Antonio Jordan,136-41-3217,"783 Sheri Spurs
Port Christopher, NE 43447",N,miles
364,Valerie Roman DDS,622-26-5860,"4254 Tyler Squares Apt. 792
Ellisview, PR 15866",Y,miles
365,Kerri Savage,833-80-6167,"68557 Lamb Dale Suite 566
Brownfurt, MH 44793",N,miles
366,Alexander Mckinney,233-96-4486,"465 Ryan Street
New Joshua, NE 70887",N,miles
367,Samantha Welch,440-69-3363,"634 Lori Wall Apt. 983
Holtview, MS 09905",N,hours
368,Haley Wood,368-69-5925,"081 Michelle Ports
Ortizhaven, AS 06188",N,miles
369,Marilyn Ellis,473-64-0176,"873 Martinez Street
Taylorhaven, NV 17203",N,miles
370,Brandon Kelly,186-66-6422,"101 Tyler Expressway
Kennedyfurt, VT 94247",Y,hours
371,Megan Thompson,385-16-6113,"8751 Bryan Shoals Suite 138
East Jon, GA 42987",Y,hours
372,Kimberly Richardson,646-28-5690,"942 Victor Shoal
New Kylieville, WV 02212",Y,hours
373,Jasmine Browning,784-21-5512,"Unit 4132 Box 5452
DPO AE 22087",Y,hours
374,Amber Kelly,164-24-2035,"USNS Morgan
FPO AP 64023",N,miles
375,Joseph Rivas,176-15-5639,"51216 Hernandez Islands Suite 606
Caseymouth, NE 84621",Y,miles
376,Janet Thomas,308-45-2088,"2420 Harper Branch
Fischerport, MO 05496",Y,hours
377,William Green,587-17-0652,"660 Shaffer Isle Apt. 943
Jessebury, AL 60837",N,hours
378,Justin King,274-19-5563,"49525 Ortega Mills
West Jameston, SC 55604",N,miles
379,Ashley Evans,793-57-7854,"960 Cortez Path Suite 663
Martinland, WV 35833",N,miles
380,Michael Graves,864-74-9495,"1068 Scott Mills Suite 876
Christopherberg, MT 96101",N,hours
381,Deborah Young,371-97-9554,"899 Serrano View Apt. 278
Petersshire, MO 06695",N,hours
382,Robert Colon,638-25-3891,"1030 Eddie Isle Apt. 533
West Troy, IA 18663",Y,hours
383,Sarah Thompson,565-06-7400,"1994 Pamela Orchard Apt. 108
Lisaton, AR 90885",N,miles
384,Mr. Edward Hall,063-21-6944,"51591 Andrew Valley
Annamouth, MP 44774",N,hours
385,Julie Summers,519-41-4139,"3893 Hoffman Land
West Barbarastad, IL 16740",N,miles
386,Bryan Alexander,747-61-3664,"318 Davis Overpass Suite 901
Scottbury, AL 91498",N,hours
387,Dr. William Thornton,662-77-0796,"98876 Melissa Burgs
Ricestad, HI 46043",Y,hours
388,Shannon Wilson,032-18-5953,"08254 Tracy Crest
North Timothystad, AZ 07542",N,miles
389,Jacob Cooper,247-95-8974,"PSC 1062, Box 8613
APO AA 25451",N,miles
390,Mary Bryan,702-86-9361,"991 Harrington Light Apt. 555
Port Robertmouth, IA 25138",N,miles
391,Katherine Lara,341-83-7935,"14812 Smith Estate Apt. 839
Barryhaven, AZ 13253",N,miles
392,Robert Nicholson,708-50-1254,"801 Adams Pike
Darlenestad, WI 69238",Y,miles
393,James Nelson,717-95-0453,"144 Courtney Plains Suite 359
North Jasonhaven, CA 52906",Y,hours
394,Jennifer Bishop,638-75-5575,"3814 Silva Branch
Peterfort, MH 32656",Y,miles
395,Felicia Santos,782-44-0032,"7915 Lynch Walk
Brownshire, FL 81416",N,hours
396,Randy Miller,874-06-5055,"2726 Stefanie Road
Stephensview, VA 51085",Y,miles
397,Bryan Carter,204-49-1445,"59228 Salazar Mews Apt. 180
Myersstad, CA 91876",Y,hours
398,Jessica Heath,198-17-4361,"7487 Flores Ferry
Lake Josephland, MH 16570",Y,miles
399,Amy Morales,140-51-9610,"PSC 7306, Box 0506
APO AA 32622",Y,hours
400,Christopher Kelley,431-04-9321,"90235 Dawson Stravenue Suite 357
West Micheal, OH 56123",Y,miles
401,Todd Gonzales,576-78-3230,"1935 Matthew Fords
Darrenbury, KS 60657",Y,hours
402,Mrs. Brenda Simpson MD,656-05-3138,"6961 Karen Parkway Suite 253
North Manuel, NH 84020",Y,miles
403,Mark Patterson,130-81-3543,"845 David Overpass Suite 626
South Lynnmouth, NV 44128",Y,hours
404,Jacqueline Colon,116-66-8045,"3376 Hayes Locks
North Glenn, KS 49130",Y,hours
405,Andrew Guerra,401-98-7744,"46575 Gregory Vista Apt. 317
North Dustinbury, ID 56809",Y,miles
406,Denise Smith,511-22-4755,"4478 Delacruz Lane
Fordton, UT 31240",N,miles
407,Christine Butler,054-44-8659,"2274 James Freeway Apt. 054
South Kyle, NV 62960",N,hours
408,Joan Smith,648-92-6592,"72206 Hughes Crest
Lake Mark, CA 16439",Y,hours
409,Kirk Krause,293-69-1350,"2170 Dillon Square
New James, TN 63060",Y,hours
410,Shirley Parks,684-33-0198,"97751 Hall Junctions Apt. 721
Melissaland, SD 18170",Y,miles
411,Erika Ferguson,003-34-3343,"32960 Garcia Path Suite 521
Ochoahaven, AK 53849",Y,miles
412,Christopher Hardy,227-66-9897,"6443 Chen Knoll Apt. 017
Hollymouth, ND 22307",Y,hours
413,Meagan Nguyen,009-34-4538,"62360 Heather Branch
Lauraton, MS 66982",Y,miles
414,Sean Smith,412-83-5602,"0215 Greene Shores
North Gregoryburgh, GA 40149",Y,miles
415,Tammy Jackson,411-90-0624,"5611 Carly Wall
South Karen, GA 23874",N,hours
416,Debra Friedman,527-90-6539,"68870 Blake Passage Suite 982
South Howardside, KS 88429",Y,hours
417,Megan Reyes,619-49-4484,"7316 Michelle Crest
Melaniefort, KS 52322",Y,miles
418,Connor Henderson,220-86-2459,"12726 Tara Meadows
Port Zacharyburgh, MH 99059",N,hours
419,Molly Nichols,582-53-8067,"7441 Anderson Stravenue
Chasefurt, SC 12640",N,hours
420,Tara Francis,425-92-4736,"0600 Destiny Junction
Goodstad, MA 48472",N,miles
421,Valerie Lamb,118-55-3205,"70559 Stevens Haven Suite 941
Matthewchester, OR 95519",Y,hours
422,John Wilson,183-70-7599,"613 Robert Vista Apt. 811
Virginiaberg, IN 89416",N,miles
423,Henry Reed,382-61-7145,"0383 Edwin Landing
Michaelmouth, TX 04576",N,miles
424,Garrett Hayes,849-78-0769,"Unit 3243 Box 8970
DPO AA 35426",N,miles
425,Zachary Drake,137-54-7726,"533 Thomas Locks
Meganside, ID 09630",Y,miles
426,Tiffany Cannon,039-68-1954,"7965 Casey Islands
Andrewfurt, TN 95826",Y,miles
427,John Edwards,238-61-1508,"3908 Anne Crescent Apt. 431
East Deborah, WA 88248",N,hours
428,Jessica Adams,604-54-8567,"91985 Dylan Bridge
Williamburgh, SC 24848",Y,miles
429,Denise Miller,097-14-5793,"Unit 2097 Box 5306
DPO AE 35849",N,miles
430,Melissa Garcia,566-90-3183,"50627 Nicholas Street
West Sharonstad, NC 13156",Y,miles
431,Ms. Beth Ingram MD,158-76-8236,"246 Thomas Camp Suite 977
Tammyborough, VT 97824",Y,miles
432,Madeline Cohen,859-97-1489,"92219 Miller Fords
Brucemouth, NJ 74085",Y,miles
433,Laura Byrd,837-88-6616,"PSC 1252, Box 5069
APO AE 64923",Y,hours
434,Cody Fuentes,376-56-9988,"561 Garza Plaza Suite 621
North William, DC 23547",Y,miles
435,David Villanueva,396-01-0547,"USNS Moreno
FPO AE 50764",N,hours
436,Mrs. Rebecca Shields,147-33-2328,"31950 Bryant Parks
Shellyberg, TN 76380",Y,hours
437,Sharon Rivas DDS,545-36-0075,"USNV Wilkerson
FPO AE 07401",N,hours
438,Nancy Foster,553-91-1776,"90839 Brian Plains Apt. 288
Nelsonmouth, WY 92789",N,hours
439,Jeremy Yang,141-22-9401,"6089 Bradley River
Martinezshire, WI 21619",N,hours
440,April Washington,872-12-4980,"48238 Brown Forks
South James, MA 06294",Y,miles
441,Patricia Martin,494-24-4984,"Unit 6078 Box 0264
DPO AE 76839",N,miles
442,Julie Thompson,875-27-9673,"3566 David Track Suite 519
Andrewstad, KS 80802",Y,hours
443,Christopher Gonzalez,163-95-5495,"205 Wagner Mills
North Tracyport, MT 84510",N,miles
444,Jennifer Smith,114-12-9408,"6566 Kathleen Keys Apt. 164
North Robert, VI 25010",Y,miles
445,Christopher Shelton,726-56-5994,"3941 Ochoa Pines Suite 285
New Cassandra, ID 19929",N,hours
446,Erin Munoz,748-86-1944,"482 Sanders Crossing Apt. 129
Stephanieport, IN 97249",N,miles
447,Marisa Camacho,515-92-9374,"0097 Hill Crescent
Vaughnside, MI 28224",Y,miles
448,Aaron Murray,173-94-1680,"00157 Rodriguez Knoll Apt. 626
Coreystad, GU 47333",Y,hours
449,Michael Kidd,852-78-2548,"95160 Woods Skyway Suite 558
Robertberg, GU 58879",N,miles
450,Mr. Glenn Clark DDS,828-67-7818,"97843 Morgan Bypass Suite 792
Wilsonmouth, KS 44446",Y,miles
451,Jeremy Morrison,415-78-2294,"6189 Little Hollow
New Elizabethton, CA 85138",N,hours
452,Matthew Jennings,577-32-9838,"11097 Joseph Wall Apt. 470
Lake Toddbury, NM 07796",N,hours
453,Joe Horn,242-16-7537,"5659 Leah Walk
North Michaelstad, CO 02633",N,miles
454,Ronald Beck,054-93-1789,"8581 Meyer Forge
Ashleyhaven, TN 64021",N,miles
455,Stanley Stevenson,408-31-7820,"USNS Moore
FPO AP 64675",Y,miles
456,Betty Cuevas,450-60-7971,"Unit 5205 Box 2573
DPO AP 59129",Y,miles
457,Briana Hall,264-58-9675,"9931 Christine Highway
Pierceport, CT 61178",N,miles
458,Sarah Campbell,355-01-1475,"6862 Michael Branch Suite 126
Lake Mark, MN 61485",N,miles
459,Denise Vazquez,527-39-9356,"18241 Beverly Well Apt. 841
East Anthony, OR 05682",N,miles
460,Randall Snyder,623-22-7262,"59281 Karen Mill
Brentton, PA 52249",N,hours
461,Jesus Chan,879-29-7820,"570 Christopher Flats Apt. 575
New Charlotte, VI 79057",Y,hours
462,Kelly Henderson,216-10-0838,"472 Ryan Center Apt. 751
Port Jamie, TN 22719",N,miles
463,Rodney Guzman,361-07-6019,"76815 Carl Plaza
Port Mary, UT 85982",Y,miles
464,Christopher Lewis,596-20-8406,"28968 Jeremy Island Apt. 782
New Sarahland, WA 69705",Y,miles
465,Douglas Simpson,001-64-5279,"2055 Parker Glens
East Christinamouth, DE 86204",N,hours
466,Steven Carr,847-43-6615,"170 Robert Terrace
East Kristinebury, NV 55664",Y,hours
467,Alexandra Davis,552-44-3032,"PSC 4298, Box 3629
APO AE 83425",Y,miles
468,Kimberly Salazar,518-03-4077,"896 Yoder Flats Apt. 456
Gregoryshire, IN 41966",Y,miles
469,Robert Wolfe,757-25-3693,"288 Gill Stream Suite 826
Markhaven, CO 19318",Y,miles
470,Molly Gutierrez,172-01-7708,"Unit 6737 Box 5107
DPO AA 27980",N,hours
471,Sara Dillon,696-39-7028,"8890 Watkins Glens
South Sarah, SD 74641",Y,miles
472,Brooke Spencer,457-21-7150,"424 Frank Circle
Lake Kevin, VT 31102",Y,miles
473,Rachel Rodriguez,343-67-6331,"Unit 7291 Box 5815
DPO AE 83256",Y,miles
474,Adam Lawson,320-62-4831,"08685 Flores Drives Suite 526
South Keith, MH 07439",N,miles
475,Joanna Frazier,115-19-7242,"86734 Troy Trail Suite 529
Lynnview, LA 51295",N,hours
476,Terry Cooke,650-68-0070,"523 Scott Isle Apt. 678
Elizabethland, PR 39688",N,miles
477,Veronica Johns,070-80-7631,"1766 Robertson Coves Apt. 872
Fernandezview, ME 16856",N,miles
478,David Aguilar,611-96-2452,"7539 Patrick Mountain
East Jeffrey, MI 44567",Y,hours
479,Matthew Spence,355-32-9136,"6662 Whitaker Throughway Suite 645
New Melvinchester, WY 07437",Y,miles
480,Stephanie Nelson,734-64-5510,"0641 Bradford Square Apt. 977
South Matthewport, MO 51089",Y,miles
481,Amanda Allen,526-64-1973,"568 Thomas Square Apt. 257
Meghanburgh, PR 01714",Y,hours
482,Deborah Gibson,171-81-3858,"370 Barrett Field Apt. 690
South Heatherton, FM 76616",N,hours
483,Matthew Spencer,105-54-8505,"57247 Thomas Landing Apt. 682
North Johnburgh, OK 34342",N,hours
484,Jack Lawson,203-51-4202,"9776 Lisa Creek Suite 369
Sharpmouth, ME 98684",Y,hours
485,Mark Lawrence,410-70-0124,"6900 Klein Course
Wolfeside, KS 36489",Y,hours
486,Jimmy Navarro,059-40-1798,"1497 John Parkway
Watkinsstad, TX 23092",N,hours
487,Kelsey Thompson,226-87-5180,"6798 Keith Mills
New Eric, VI 09885",Y,hours
488,Steven Perez,178-70-5129,"81481 Gibson Row
Meyerview, OK 20757",Y,hours
489,Monica Foster,086-49-8041,"19043 Phillips Mills
Cunninghamside, OK 96996",Y,hours
490,Barbara Castillo,281-42-2854,"7211 Gerald Mission Suite 438
Joannemouth, LA 16404",Y,hours
491,Anthony Lewis,545-52-7904,"PSC 0711, Box 7466
APO AE 32043",Y,miles
492,Timothy Simmons,096-47-4842,"947 Martin Turnpike Suite 985
Lake Wendy, WV 36392",Y,hours
493,Heather Thomas,614-24-4201,"36077 Keith Fork Suite 860
North Kathleen, WY 43885",Y,hours
494,Ronnie Wilkins Jr.,310-27-0400,"95649 Kennedy Shores Suite 265
South Shannonport, FL 91760",N,hours
495,Peter Stevenson,455-85-2681,"6839 Moran Land Apt. 405
Jessicaville, MD 98421",Y,hours
496,Christina Hayden,888-90-3773,"08340 Kevin Point Suite 459
Nataliechester, AZ 39606",N,hours
497,Michelle Mercado,180-53-9157,"Unit 8862 Box 9721
DPO AA 27810",N,hours
498,Christopher Austin,567-75-0542,"3411 Strickland Lake Apt. 430
Williamsmouth, MP 19755",Y,hours
499,Douglas Mack,134-05-9410,"85308 Gregory Summit Suite 195
Graymouth, IA 01522",N,hours
500,Mary Padilla,171-64-1841,"723 Erik Throughway
South Amanda, IL 13406",N,miles
501,Benjamin Farmer,118-29-7877,"PSC 6522, Box 5536
APO AE 02157",Y,hours
502,William Bishop,349-65-8249,"USS Lee
FPO AE 77276",Y,miles
503,Matthew Kim,591-18-8455,"3048 Jennings Island
Lisastad, NC 67747",Y,hours
504,Beth Brown,146-93-9307,"57107 Cathy Expressway Suite 236
Knightborough, DC 94395",Y,hours
505,Wayne Hansen,637-78-4474,"169 Jennifer Groves Apt. 087
North Andrewville, KY 64799",Y,miles
506,Debra Howell,466-86-6570,"654 Diane Port Suite 390
Lake Martin, AR 58440",N,miles
507,Kelly Juarez,297-15-1065,"4651 Collins Lake
Fieldsport, MD 24865",Y,miles
508,William Lyons,885-41-1006,"2524 Ronald Tunnel Apt. 722
Christinastad, OH 39896",N,hours
509,Clifford Mann,794-75-8867,"55848 Chung Landing Suite 627
Guerrerobury, SD 00965",Y,miles
510,Samuel Johnson,196-13-0016,"811 Kristen Lock Suite 836
Jessicaburgh, TX 16252",N,hours
511,Ruth Morton,760-12-4470,"133 Megan Walks Suite 953
South Destinyland, PR 14625",Y,miles
512,Timothy Madden,664-77-0309,"USS Collins
FPO AP 42438",Y,hours
513,Isaiah Knight,524-08-3620,"USS Sheppard
FPO AA 82722",N,hours
514,Teresa Frazier,797-51-0717,"2556 Michael Crest
Patriciahaven, ME 63104",N,hours
515,Deborah Hill,224-68-6661,"3836 Leonard Fort
Ashleyshire, KY 70909",N,miles
516,Wanda Levy,894-28-1395,"45546 Hines Court
Josephtown, WY 10847",Y,miles
517,Samantha Goodwin,638-65-5164,"4037 Rebecca Mill Apt. 365
Port Stephenborough, NY 16510",N,hours
518,Jennifer Cross,216-69-1002,"2857 Michelle Run
Stevenmouth, LA 26283",N,miles
519,Lisa Mcneil,792-05-8100,"8489 Kristen Plains
Williamsontown, ND 06188",Y,hours
520,Adam Santiago,818-43-5338,"7680 Decker Mews Suite 486
Crystalton, ME 49514",N,hours
521,Karl Evans,030-47-5577,"44350 Patricia Cliff
South Randy, AK 86585",N,miles
522,Lindsey Adams,531-31-1481,"17790 John Via
Port Mackenzieborough, UT 47134",Y,hours
523,Derrick Torres,308-37-5733,"USS Clark
FPO AE 80450",Y,miles
524,Amber Mitchell,828-66-3121,"450 Brooks Falls Apt. 827
Marcside, KS 74707",Y,miles
525,Natalie Rojas,520-30-8606,"1834 Macdonald Pass
Karaburgh, GU 62500",Y,hours
526,Terry House,216-46-5014,"Unit 8425 Box 5382
DPO AE 05853",Y,hours
527,Sean Green,438-33-0340,"629 Hunter Bypass
Lewismouth, AS 85013",Y,hours
528,Jeremy Carter,752-12-6941,"0180 Gibbs Estate Suite 365
Lake Lisastad, MH 95950",Y,miles
529,Donna Brown,054-24-8099,"USNS Stevens
FPO AE 17850",N,miles
530,Claudia Munoz,744-45-4845,"3154 Brian Road
East Timothy, WA 21134",Y,miles
531,Michael Armstrong,887-74-5004,"487 Deleon Ville
South Kimberly, FM 03410",Y,hours
532,John Williams,019-52-7588,"78541 Evans Court
Leblancview, OK 14073",N,hours
533,Kenneth Hicks,593-45-0442,"20176 Rhodes Valleys
North Cynthia, NV 58817",Y,hours
534,Eric Martinez,801-87-4330,"951 Fletcher Squares Suite 639
East Felicia, VT 24451",N,miles
535,Cody Walker,703-43-1459,"316 John Vista Suite 257
East Johnborough, MH 28363",N,hours
536,Alexandra Roberson,152-77-0856,"408 Floyd Estate Apt. 217
East Ianland, UT 71744",Y,hours
537,Andrew Johnson,348-88-7697,"24131 Sanchez Heights Apt. 423
Smithshire, MS 49791",N,miles
538,Rachel Robinson,303-33-9678,"4621 Knight Stravenue
Courtneyton, DC 37167",N,hours
539,Matthew Smith,592-18-2627,"Unit 3963 Box 8570
DPO AP 51560",N,hours
540,Kyle Petty,606-86-4424,"8621 Amy Islands
South Francesmouth, ND 65154",N,hours
541,Bryan Williams,845-50-5534,"69935 Lauren Locks Suite 809
Franciscoland, MP 96063",N,miles
542,Brenda Spencer,007-79-7612,"85556 Stacey Manor Apt. 872
Lake Janetberg, NV 10271",N,hours
543,Amy Sanchez,331-35-5698,"490 Butler Canyon
Johnchester, ND 45820",N,hours
544,Troy James,762-21-2625,"210 Carson Islands Apt. 840
Heatherview, FM 56247",Y,hours
545,Christopher Brooks,670-42-0328,"5067 Beltran Estate
West Paul, KS 78530",N,miles
546,April Cole,766-93-7270,"38092 Hunter Trace
East Carolynstad, NH 15976",Y,miles
547,Sarah Anderson,601-43-5188,"USNS Stephenson
FPO AP 13591",N,miles
548,Tyler Wright,291-02-2588,"082 Sherman Forges Suite 573
Walkerfurt, AR 96864",N,miles
549,Sean Flynn,526-50-0821,"96632 Liu Wells
Angelaview, OK 58728",Y,hours
550,Melissa Kirk,604-83-0015,"001 Julie Springs Suite 936
Vernonburgh, NV 95857",Y,hours
551,Teresa Wells,178-86-5872,"6161 Martinez Creek
North Emily, TN 89184",Y,miles
552,Alexandra Meyers,425-20-0452,"Unit 9410 Box 4074
DPO AE 92694",Y,hours
553,Elijah Martinez,017-44-1544,"1279 Day Road Suite 482
New Anthony, LA 34609",N,miles
554,Mitchell Johnston,010-03-3723,"2403 Sarah Mountains
Ruthshire, NV 27922",N,miles
555,Kimberly Casey,150-37-2958,"620 Jordan Passage
Dorothyport, WA 20498",N,miles
556,Glen Pruitt,676-83-4760,"76287 Thomas Corner Apt. 798
Gomezfort, CO 06092",N,miles
557,Jessica Fox,846-82-2793,"60043 Pierce Fork Apt. 034
Justinfort, ID 74658",Y,miles
558,Robert Dixon,336-29-0872,"89741 Bass Mission Apt. 729
North Richardville, VT 07529",Y,hours
559,Carolyn Malone,361-28-7329,"9241 Elizabeth Mission
Gutierrezshire, WY 40607",Y,miles
560,Edward Stewart,518-96-2730,"558 Martin Ferry
Nancychester, AS 61182",Y,miles
561,Austin Flores,857-77-7348,"77594 Payne Knoll
Tiffanyville, FL 78380",N,hours
562,Yolanda Smith,805-45-0943,"9419 Paul Tunnel
West Katie, KS 41767",Y,hours
563,Terry Hill,234-20-4815,"USNS Wright
FPO AE 18308",N,hours
564,Daniel Smith,248-22-5577,"72474 Eileen Corner Apt. 476
New Kathryn, OK 59937",N,miles
565,Ruth Navarro,325-74-3343,"57163 Jason Light
Rossland, ME 22582",Y,miles
566,Micheal Bond,884-21-0345,"5219 John Village Suite 435
Davidfort, FM 12435",Y,miles
567,Brenda Sullivan,291-07-6477,"5314 Joshua Island Apt. 005
Lake Matthewfurt, CA 98553",Y,miles
568,David Glenn,374-72-2144,"5912 Roy Mews
Sharonland, ME 80594",N,miles
569,Daniel Grant,627-43-7045,"183 Bell Knolls Apt. 731
New Joshualand, AZ 89735",N,miles
570,Victoria Allen,845-84-6794,"5188 Jacqueline Spurs Apt. 752
Christophermouth, MD 69899",N,hours
571,Katherine Hampton,048-79-4277,"USCGC Bowman
FPO AE 03670",N,miles
572,Cameron Buchanan,652-16-4541,"184 Heather Creek Apt. 875
Sandersview, DE 70199",N,miles
573,Andrew Hernandez,260-13-3283,"77380 Schmitt Flat Suite 349
Port Todd, ME 42611",N,hours
574,Brenda Wheeler,193-31-1198,"Unit 4400 Box 4549
DPO AP 47144",N,miles
575,Veronica Carr,663-18-8466,"8291 Brooks Ridge Apt. 767
Sethside, SC 05784",Y,hours
576,Jessica Bishop,546-79-6175,"PSC 4113, Box 0420
APO AP 47306",N,hours
577,Steve Flores,703-32-7795,"48946 White Ports Suite 214
New Mary, VI 44329",Y,miles
578,Faith Aguirre,841-06-1793,"PSC 2062, Box 4634
APO AA 10186",N,hours
579,Diane Harrison,410-90-8325,"6806 Thomas Mews
New Johnhaven, AL 27477",N,hours
580,Katherine Ramsey,779-19-8319,"409 Kristin Circles Apt. 659
North Charlesmouth, PR 70895",Y,miles
581,James Norris,480-96-3421,"0443 Rowland Station Apt. 258
Mcguireville, MA 95472",N,hours
582,Tina Evans,529-81-9866,"886 Wendy Harbors
South Ryan, AS 08143",Y,miles
583,Zachary Carr,018-48-8211,"9709 Pham Pike Suite 736
Port Lauriechester, CO 31746",N,hours
584,Scott Ryan,738-78-5870,"93088 Chad Ramp
North Williamfurt, AR 80532",N,miles
585,James Bright,706-75-5172,"3392 Romero Stream Suite 983
Teresaburgh, VA 28296",Y,hours
586,Michele Allen,001-74-9413,"PSC 3330, Box 2663
APO AE 60249",Y,hours
587,Mark Jones,477-28-7081,"3508 Amanda Forges
Lisashire, NY 83789",Y,miles
588,Jennifer Moore,774-29-3101,"717 Nicholas Common Suite 167
East Jasonborough, GU 73334",N,miles
589,Dale Dean,059-01-9333,"83519 Amanda Pike
Melissaberg, CA 68599",Y,hours
590,Megan Clements,733-56-3194,"60506 Parker Route
Lake Justin, CA 78257",N,miles
591,Brittney Guerrero,537-06-3961,"533 Brown Extension
Johnsonfurt, PW 20912",Y,miles
592,Emily Mayer,467-60-9144,"97013 Luna Crest Apt. 983
Johnstonton, SC 19832",Y,miles
593,Juan Newman,184-10-9728,"498 Perez Shoal Suite 081
Deckerberg, FM 85848",N,hours
594,Nicholas Bailey,075-39-9829,"898 King Expressway Apt. 151
South Nicolestad, NE 49149",N,miles
595,Dana Boyd,439-23-2786,"PSC 9097, Box 1630
APO AE 35712",Y,miles
596,Kayla Brown,446-41-0667,"0364 Kimberly Mill Suite 332
Barbaramouth, MS 49378",Y,hours
597,Tina Lewis,639-55-6928,"3159 Campos Meadow
East Justinfurt, IA 31920",N,hours
598,Edward Sanchez,650-96-5727,"42856 Holmes Manors
New Alexbury, AK 29148",Y,hours
599,Martin Travis,297-41-9345,"686 Kimberly Station Suite 073
Kyleburgh, MI 26588",Y,hours
600,Anthony Houston,577-82-6306,"693 Baker Brooks Apt. 664
Chambersbury, GA 65335",N,hours
601,Brenda Powell,026-62-2002,"8547 Jordan Estates Apt. 571
West Beverlybury, TX 87852",Y,hours
602,Timothy Francis,303-24-9635,"853 Timothy Parkway
South Sandra, FL 59741",N,hours
603,Russell Garcia,733-03-9883,"822 Timothy Isle
Barnestown, AL 29425",N,miles
604,Dr. Hannah Wilson,127-32-2415,"PSC 5261, Box 2420
APO AP 87120",N,hours
605,Michael Burnett,451-58-6819,"396 White Prairie Apt. 086
Lake Hannah, GU 39322",N,hours
606,Paige Smith,296-97-4492,"38212 Patrick Mount
Jennaview, OR 44935",Y,hours
607,Erica Miller,417-76-6512,"0938 Love Causeway Apt. 101
North Christopherview, NC 22577",N,hours
608,Michael Howard,488-21-3485,"8804 Cox Mews Apt. 619
Jeremymouth, MD 53701",N,miles
609,Ray Scott,755-81-9016,"58750 Tyler Wall
Larryfurt, CA 25637",N,hours
610,Laura Farmer,651-81-4280,"2045 Alisha Valleys
Vickiehaven, KS 92739",N,miles
611,Caitlin Rich,535-42-9408,"88213 Carmen Wells Suite 664
Port Rachel, AR 30911",Y,miles
612,Timothy Kaufman,138-32-6213,"98475 Tammy Springs
New Rosemouth, NE 19876",Y,miles
613,Kevin Figueroa,396-58-0711,"3715 Kenneth Extension
East Ericchester, CT 24174",N,hours
614,Johnny Myers,571-81-3799,"511 Tapia Curve Apt. 219
Murphyfurt, WY 91054",N,hours
615,Mr. Matthew Dillon,127-66-3267,"2709 Victoria Prairie
Port Jonathan, KS 87943",N,miles
616,Steven Barry,788-67-9226,"79775 David Mountain
Matthewstown, FL 25632",Y,miles
617,Chad Pratt,414-29-3131,"09982 Robert Orchard Apt. 325
Michaelburgh, HI 98594",N,miles
618,James Beard,082-99-5785,"65827 Little Trail
Erikaburgh, KS 63482",Y,hours
619,Jonathan Lynch,517-31-3145,"494 Smith Orchard Apt. 318
North Johnnymouth, FM 94126",N,miles
620,Michael Vang,031-06-9842,"21039 Carter Inlet
Hawkinsfort, CT 11447",Y,miles
621,Lisa Vazquez,829-90-7678,"584 Hannah Locks Apt. 420
West Keith, NE 37839",N,hours
622,Diana Hunter,147-55-0850,"852 Jade Extension
Allenmouth, NE 64947",Y,hours
623,Whitney Hicks,468-66-0439,"06193 Vasquez Road Suite 128
Port Matthew, HI 40200",N,miles
624,Gregory Ball,532-41-5524,"2438 Karina Pike Apt. 840
North Brendaborough, MO 17456",N,hours
625,James Harris,156-88-5805,"57311 George Course Suite 683
West Ashleytown, FL 34957",Y,hours
626,Evan Phillips,204-77-1572,"31559 Morris Walks
Murphystad, MT 81558",Y,hours
627,Alison Jones,732-42-4243,"02863 Drake Club
New Elizabethfort, AZ 80918",Y,hours
628,Robert Burch,734-40-0095,"9857 David Mountains
Williamsberg, TN 16740",N,hours
629,Eric Schneider,326-92-3779,"436 Jennifer Rapid Apt. 404
Kingview, PW 36714",Y,hours
630,Megan Mcpherson,620-57-9027,"94901 Jason Harbors Apt. 128
Port Laura, AS 41495",N,hours
631,Michael Rogers,479-35-2354,"333 Tiffany Gateway Suite 049
Taylormouth, PR 86863",N,miles
632,Katherine Murray,478-63-8689,"730 Simon Lane Suite 391
Lake Wendy, ID 12689",Y,hours
633,Alicia Mcdonald,204-85-3856,"1717 Davis Well Apt. 915
Tiffanyville, PW 77763",Y,hours
634,Philip Harris,098-86-6056,"8977 Wood Vista
Port Maria, NY 48657",Y,hours
635,Christopher Montgomery,642-96-8003,"64835 Anderson Vista Apt. 657
Washingtonville, AL 60374",N,hours
636,Joseph Barron,104-56-4824,"258 Keith Center
Perrybury, DE 16336",N,hours
637,Susan Hurley,558-11-1864,"186 Castillo Mountains
Stephenstad, OH 12869",Y,hours
638,James Davidson,252-67-8128,"99871 Nathaniel Lakes Apt. 663
Lake Jeremyport, WI 03459",Y,miles
639,Melody Smith,802-64-8581,"3485 Chapman Loop
Lake Matthew, NM 65051",Y,hours
640,Evelyn Ford,071-26-1728,"41139 Cheryl Mount
Stephanieview, RI 26446",Y,hours
641,Victor Reese,275-76-3114,"59021 Isaiah Alley
Port Summermouth, MP 26261",Y,hours
642,William Moore,369-70-2357,"005 Hinton Drive Suite 928
Lake Toddmouth, AR 36536",N,miles
643,Kathryn Edwards,029-63-0139,"620 Yang Manors Suite 907
West Brady, NJ 60427",Y,miles
644,Dana Roberts,432-16-0741,"6648 Alexandra Green Apt. 895
Jonesstad, AS 35490",N,hours
645,Karen Duke,309-01-6689,"001 Wilson Glen
Port Joseph, VT 77042",Y,miles
646,Stephen Hunt,602-22-7424,"6864 Robert Plaza Suite 802
Parkerchester, WI 59053",Y,hours
647,Calvin White,261-62-1656,"92927 Turner Lights Apt. 264
Christiantown, ID 44245",N,miles
648,Lisa Mitchell,631-42-4969,"5984 Jonathan Views Suite 161
East Debra, KS 39579",N,miles
649,Nicole Harrison,172-89-5613,"0180 Gregory Plains Apt. 612
East Coryfort, NM 55127",Y,miles
650,David Richardson DDS,855-93-3768,"4922 Turner Run
Jacobville, SD 20935",N,hours
651,Kelly Ruiz,380-98-9100,"7652 Alicia Dale Suite 267
South Daisyfurt, AL 06354",N,miles
652,Emily Ortega,278-76-9110,"6344 Jessica Street Apt. 324
Lake Stephenfort, WY 10641",N,hours
653,Stacey Bennett,366-80-7497,"81970 Stephens Shores Suite 526
Hooverburgh, ND 10908",Y,hours
654,Lisa Wright,089-03-0995,"9408 Gabrielle View Apt. 233
East Kimberly, NY 95368",N,miles
655,Jeffrey Hood,603-71-1511,"12513 David Landing
West Danside, OK 21850",N,hours
656,Stephanie Ortiz,433-11-3324,"50246 Clark Hollow Suite 162
Torresberg, MT 63988",N,hours
657,Bradley Porter,630-29-9098,"Unit 1637 Box 5086
DPO AA 34583",Y,hours
658,William Terry,341-12-3179,"7592 Stephen Road
North David, WI 37451",Y,miles
659,Christina Lee,447-95-9061,"9340 Barrett Common
Leehaven, MT 67322",Y,hours
660,Amber Thomas,156-10-4514,"4594 Stanley Port Suite 239
West Geraldside, NJ 63427",Y,miles
661,Neil Warren,222-21-9645,"3824 Gray View
West Erin, DC 74626",Y,hours
662,Eric Burns,595-37-3750,"541 Watson Stream Suite 540
South Courtney, MN 55105",N,hours
663,Michele Turner,153-66-8107,"1187 Dustin Prairie Suite 950
New Loretta, CT 84140",Y,hours
664,Gary Anderson,761-08-8570,"0004 Sherri Haven
Paulstad, AZ 51039",N,hours
665,Anthony Cruz,474-74-8906,"01985 Colin Spur
Boyerbury, AK 15386",N,hours
666,Elizabeth Jordan,331-23-4688,"616 Reed Locks
New Joseph, AR 81060",N,miles
667,Jennifer Cochran,231-59-4138,"53819 Harold Road
Lake John, IN 82986",N,miles
668,Lauren Perkins,225-04-1878,"9911 Michelle Lights
Annemouth, RI 65290",N,miles
669,Deborah Jennings,667-42-9395,"1190 Parsons Ports
South Jeremyburgh, NJ 34024",Y,hours
670,Tammy Jones,886-24-2728,"73979 Stewart Tunnel
Gutierrezburgh, VA 19953",Y,miles
671,John Elliott,462-11-8004,"Unit 2290 Box 1558
DPO AP 96665",Y,miles
672,Sue Young,888-49-2927,"437 Thomas Point
Nicoleburgh, VI 01202",N,miles
673,Mr. John Blackwell,159-77-4873,"24490 Thomas Streets
South Heather, NV 74163",Y,hours
674,Thomas Ruiz,801-60-2542,"38838 James Loaf Apt. 635
West Sheila, UT 97891",N,hours
675,Jessica Riley,715-58-4934,"6753 Teresa Plains Suite 871
Evanport, MI 50387",Y,hours
676,Leslie Johnson,348-65-9682,"042 Mitchell Canyon Suite 967
North Shannon, MN 61498",Y,miles
677,Leon Mosley,609-16-2932,"7151 Hall Court Apt. 135
Watsonton, WA 66841",Y,hours
678,Brett Stone,198-95-9419,"5658 Brittany Club
Richardton, PA 26799",Y,miles
679,Ryan Taylor,310-11-6235,"051 Nichole Tunnel
Laurenville, FL 50186",N,hours
680,Andrew Camacho,244-61-1451,"0810 Theresa Park
Clarkmouth, AL 07642",Y,hours
681,Melissa Grant,772-32-0104,"77517 Marie Dale Suite 121
New Williamview, MD 28770",N,miles
682,Robert Barnes,099-93-7334,"31751 Sarah Grove Apt. 750
Albertborough, MH 77336",Y,hours
683,Amanda Johnson,895-87-2556,"444 Cohen Plaza
Wallaceport, MD 37843",N,miles
684,Michelle Goodman,240-20-0533,"492 Michael Bypass Suite 869
Jacobport, AZ 01404",N,hours
685,Ryan Boone,047-73-7218,"218 Richardson Lights Suite 156
Davisshire, TN 41327",Y,miles
686,Karen Marsh,013-50-9770,"33341 Rachel Ridges Suite 058
Port Mistyview, HI 89373",N,hours
687,Matthew Martinez,477-04-1941,"23751 Johnson Rapids
Bradleybury, VT 46394",Y,hours
688,Victoria Jones,146-30-7324,"209 Matthew Shoals Suite 412
Cherylfort, AL 09811",N,miles
689,Latoya Villarreal,501-17-3967,"127 Campbell Turnpike Apt. 889
Bergland, VA 43237",Y,miles
690,Frances Skinner,060-51-5831,"286 Hansen Square Apt. 961
East Cameronstad, AZ 57721",N,hours
691,Linda Oconnor,834-43-7622,"425 Cherry Lake
North Melissaburgh, FL 04188",Y,miles
692,Andre Craig,143-40-9553,"011 Scott Mountains Suite 826
North Elizabeth, NJ 28574",N,miles
693,Natasha Bird MD,715-91-7293,"03020 Smith Cliffs
Matthewhaven, OH 11199",N,miles
694,Anthony Miller,707-76-4219,"57162 Butler Courts Suite 402
New Travis, AL 09642",N,miles
695,Susan Hayes,820-73-2442,"860 Berry Brook Apt. 055
South Karaside, MD 37351",Y,miles
696,Sharon Soto,809-47-4319,"64645 Yvonne Road Apt. 029
Paulside, NH 08992",N,hours
697,Robert Lee,146-74-1396,"656 Brianna Street Suite 113
Bonniechester, NM 08260",Y,hours
698,Robin Caldwell,733-52-9368,"941 Joshua Pines
West Richard, IN 12985",Y,hours
699,Sherri Hinton,615-76-7704,"086 Lisa Forges Suite 037
Lake Laurastad, MI 85321",Y,hours
700,Jennifer Lawson,068-96-6463,"832 Riley Walk
South Michaelview, OK 70429",Y,hours
701,Vincent Ward,655-90-4044,"805 Porter Bridge Apt. 041
Myerstown, OK 67483",Y,miles
702,Kathy Cain,349-39-3504,"88689 Barnes Park
New Heatherchester, NY 57086",N,miles
703,Michael Mccarthy,878-18-5780,"75062 George Haven Apt. 329
Heidiside, WI 67659",N,miles
704,Angela Williams,479-51-0592,"8806 Gregory Prairie
Ricardobury, MA 71114",N,hours
705,Robert Thomas,335-42-6099,"942 Ashley View
Beasleyland, AL 57385",Y,hours
706,Jeremy Smith,046-29-4174,"9390 Williams Circle
East Maryton, FM 56931",Y,hours
707,Kimberly Green,238-56-3209,"05708 Harris Haven
Robinmouth, AL 68811",Y,miles
708,Michele Roach,182-42-2547,"91022 Bush Trail Apt. 820
Rebeccahaven, PR 67299",Y,miles
709,Heather Estes,540-11-1964,"89721 Kemp Views
Camerontown, CO 62145",N,hours
710,Tracy Estrada,088-33-1834,"496 Davis Fields Apt. 933
Port Brandon, ND 66508",Y,hours
711,Kimberly Jones,441-89-8506,"2893 Andrews Tunnel
South Davidmouth, ME 09044",N,hours
712,Todd Lowe,733-56-4136,"00022 Faulkner Park
East Andreaborough, LA 73881",Y,hours
713,George Johnson,524-56-4640,"1441 Brian Falls Suite 942
Nelsonberg, NJ 17284",N,hours
714,Theresa Jones,189-35-1461,"28786 Hill Pass Suite 970
Marychester, WI 82685",N,hours
715,Michelle Cochran,821-32-5236,"940 Campbell Port
Brownberg, HI 91787",N,hours
716,Martha Garcia,590-51-2058,"382 Clark Plains
New Johntown, GU 42761",N,hours
717,Jennifer Watson,684-90-3393,"590 West Harbor Apt. 078
Spencerberg, FM 16756",N,miles
718,Jeffrey Moore,398-27-1989,"8510 Whitaker Road
East Michelle, WA 21940",N,miles
719,Mary Lindsey,018-48-8728,"15532 Sarah Prairie
Lake Bruceside, MH 34091",N,hours
720,Lynn Baker,642-96-8672,"9702 Christopher Mills
Lake Kelly, VI 17046",N,hours
721,Phillip Barron,859-50-8883,"510 Elizabeth Flat Apt. 804
Port Alfred, NM 83829",N,hours
722,William Moss,208-65-3997,"0357 Jacqueline Ford
Kingburgh, GA 10045",Y,miles
723,Michelle Diaz,884-12-3240,"180 Adams Squares
Port Judymouth, IL 01412",Y,hours
724,William Miller,048-07-0854,"9227 Connor Walks
Matatown, AK 03007",Y,hours
725,Michele Sanchez,403-69-4366,"901 Smith Orchard
Vickiefurt, MD 94326",N,hours
726,Kristina Smith,782-63-6568,"9943 Jamie Expressway Suite 624
Davidhaven, AK 27882",N,hours
727,Joshua Berry,891-16-2562,"7061 Margaret Path
Cassandraton, TN 92376",Y,miles
728,Kristin Gordon,076-24-9465,"69166 Anna Mills Apt. 578
Chadview, CO 32677",N,hours
729,Mrs. Joyce Chan MD,576-09-2323,"81049 Jordan Mews
Port Erik, AK 75168",Y,hours
730,Kayla Dickerson,643-94-2747,"770 Gonzalez Mountain
Simsburgh, LA 26376",N,miles
731,Nicole Quinn,447-14-9780,"082 Ashley Rue
Delgadofurt, IA 68687",N,hours
732,Marc Fields,770-57-3038,"610 Fields Well Apt. 730
North Sheri, MS 89861",Y,miles
733,Kristen Huff,587-06-3502,"9916 Craig Viaduct Suite 199
Lake Jonathan, AR 58072",Y,hours
734,Robert Larson,069-24-9350,"0300 Martha Landing
East Brady, IN 12374",Y,hours
735,Anna Myers,135-07-4868,"26621 Jeremy Mission Apt. 974
Michellehaven, ME 08734",N,hours
736,Rachel Bullock,789-97-6678,"9749 Marcia Turnpike
Michaelborough, RI 49818",N,miles
737,Candace Rocha,048-77-2383,"863 Gabriel Brooks Apt. 354
Port Teresa, MA 84915",N,hours
738,Steven Miller,695-28-8300,"6728 Cooper Mountains Suite 808
East Brendafort, ME 24677",N,hours
739,Eric Cruz,025-80-1876,"PSC 4303, Box 3460
APO AP 40519",N,miles
740,Jeffrey Anthony,265-44-8310,"3217 Brown Extensions Apt. 604
North Daniel, PR 73286",N,miles
741,Andre Burns,862-90-0477,"5654 Douglas Green
North Thomaschester, AR 95436",N,miles
742,Jenny Campbell,310-84-8341,"USCGC Wiley
FPO AP 32443",N,hours
743,Melinda Cooper,021-60-5863,"278 Jacob Shoals Suite 218
Adkinshaven, AK 41519",N,miles
744,Carolyn Perry,308-88-7555,"0879 Judith Keys
Port Cathy, NV 11845",N,hours
745,Ann Williams,402-80-3500,"227 Jones Parks
New Jasminestad, WI 51697",N,hours
746,Sean Nelson,213-05-5319,"353 Michael Crossing
Port Aliciaton, CA 21613",N,miles
747,Sandra Rodriguez,504-12-9727,"93837 Mitchell Locks Suite 983
Port Robertastad, IN 53950",Y,hours
748,Angela Cunningham,281-99-9756,"Unit 2710 Box 1770
DPO AA 65055",Y,miles
749,Carolyn Johnston,716-24-7252,"7569 Tyler Squares
Meredithport, KY 35075",N,hours
750,Mrs. Wendy Smith,637-31-5799,"07715 King Springs
Emilyshire, OR 42215",N,hours
751,Peter Rivera,588-37-8473,"470 Linda Mountain Apt. 489
North Natasha, CO 31119",Y,hours
752,Andrea Jordan,149-17-7757,"0211 Charles Extensions Suite 270
Andersonburgh, PR 60388",N,miles
753,Joseph Baker,421-52-4468,"USNS Williams
FPO AA 71435",N,miles
754,Denise Davis,645-59-5880,"7322 Edwards Island Apt. 937
Martinhaven, FM 62484",Y,hours
755,Matthew Flores,166-39-6158,"4582 Carmen Street
Pearsonfurt, KS 86879",N,hours
756,Gregory Sutton,743-89-7795,"701 Hardy Fords Suite 835
Charlesshire, WA 97611",Y,miles
757,Jonathan Nash,784-03-3559,"80384 Griffin Tunnel
South Christopher, WI 43373",Y,hours
758,Natalie Berg,300-18-5019,"691 Phillips Shore Apt. 486
Kylebury, DC 88865",Y,hours
759,Peter Moreno,073-53-7843,"341 Jennifer Cove Suite 594
South Christinaberg, NY 95468",N,miles
760,Miss Amanda Hawkins DDS,093-19-2043,"4150 Martinez Radial Suite 034
Lake Vincentstad, MN 87358",Y,hours
761,James Cabrera,575-19-6850,"USNV Richards
FPO AE 71613",Y,hours
762,Veronica Reynolds,150-60-6356,"USCGC Moon
FPO AP 96659",Y,hours
763,Jack Ellis,246-59-5829,"Unit 4510 Box 2622
DPO AP 08441",Y,miles
764,Lee Martinez,309-67-6161,"PSC 7334, Box 7660
APO AA 46373",Y,hours
765,Mark Mcdaniel,174-68-8220,"Unit 3038 Box 9285
DPO AA 14329",N,miles
766,Joseph Ellison,455-54-0621,"7049 Mark Rue Suite 503
Gordonchester, KS 48319",Y,miles
767,Chelsea Carter,046-49-2006,"6114 Andrew Plaza
Richardchester, NY 20185",Y,miles
768,Stephen Walker,065-14-2760,"684 Anderson Mall
Saraborough, WI 00836",N,miles
769,Kathy Martinez,405-20-0468,"347 Clark Radial Apt. 510
Coopermouth, NV 95727",Y,hours
770,Russell Hess,207-56-3229,"57355 Regina Mill
New Justinside, CO 67816",N,hours
771,Bob Fox,047-06-3726,"862 Denise Ramp
Estradaville, VT 12916",Y,hours
772,Scott Martinez,596-48-9571,"5450 Craig Court Apt. 774
East Sandrachester, AL 04067",N,miles
773,Kathryn Morales,048-03-7717,"21235 Rogers Mews
Marthaview, IL 57388",Y,hours
774,Jeffrey Mason,314-74-1246,"3090 Schmidt Ville
Sallyview, MS 08961",Y,miles
775,Jennifer Washington,526-88-9393,"21457 Dixon Curve
Joshuaberg, UT 71466",Y,miles
776,James Page,665-59-8174,"203 James Pike
East Kevinmouth, ID 59062",N,miles
777,Victoria Taylor,501-54-2727,"7201 Brandon Course
West Melissachester, VT 09251",Y,hours
778,Calvin Mcdonald,739-24-1173,"84645 Park Mills Apt. 438
South Robertside, UT 31945",N,hours
779,Emily Brown,894-80-5255,"9053 Michael Park
Colemanmouth, OH 11553",Y,miles
780,Ashley Martinez,058-87-5305,"996 Becker Creek
East Victoria, UT 72157",Y,miles
781,Adam Ramos,428-79-5861,"613 Ariana Ways Suite 308
North Pamela, AK 64544",Y,miles
782,Rachael Howard,790-59-8824,"156 Richard Branch Apt. 845
Austinchester, GU 47746",N,hours
783,Carolyn Lam,877-27-8771,"3479 Anthony Pike Apt. 054
Lake Gregorymouth, IN 17512",N,hours
784,Briana Soto DDS,640-32-1992,"2954 Jennifer Burgs Suite 716
West Melinda, NY 85613",N,miles
785,Felicia Eaton,297-01-3927,"89236 Joshua Walks Suite 587
Michaelfurt, ID 59286",N,hours
786,Justin Clark,647-81-5430,"64162 Cruz Crescent Apt. 731
Carterport, KS 41690",N,hours
787,Penny Smith,381-78-9857,"247 Theresa Walks Suite 333
Gallegosfurt, UT 97023",N,hours
788,Joann Rose,262-01-2361,"Unit 0235 Box 8527
DPO AE 41554",N,miles
789,Kerry Davis,668-77-1301,"62827 Manning Burgs Suite 213
Lyonschester, AK 82726",N,miles
790,Ashley Cook,127-15-8183,"2793 Carroll Field Apt. 696
West Nicole, UT 34629",N,miles
791,Heidi Norris,214-85-2432,"093 Hopkins Station Apt. 370
East Joseph, MS 52243",N,hours
792,Chris Fuentes,757-85-3846,"3501 Robin Trafficway Suite 285
New Philip, OR 94881",Y,miles
793,Joel Mathis,179-87-6471,"8874 Cohen Viaduct Apt. 005
Dunlapville, SC 54941",Y,miles
794,Stacy Warren,365-44-8383,"6806 Taylor Road Apt. 077
South Jennifermouth, VI 90644",Y,miles
795,Linda Morales,622-31-2021,"59390 Evans Ford Suite 197
Rodriguezfurt, PW 41103",Y,hours
796,Vanessa Bray,072-94-1295,"967 Gentry Crest
Markland, MN 69370",Y,hours
797,Amber Cummings,218-46-5617,"70838 Priscilla Parkway Apt. 067
Gonzalezmouth, NH 89058",Y,hours
798,Bradley Martin,338-59-0649,"107 Courtney Path Suite 484
Angelaton, VT 47404",Y,hours
799,Robert Jarvis,520-04-2313,"Unit 8646 Box 9908
DPO AA 59352",N,hours
800,Tyler Navarro,091-31-2740,"64701 Julie Skyway
South Ashley, RI 45082",N,miles
801,Kathleen Suarez,165-93-8854,"35348 Richard Viaduct
Lake Danielle, OK 23908",N,miles
802,Kristin Figueroa,243-39-4267,"9508 Paul Stream
Port Karen, MS 03736",Y,hours
803,Robert Dougherty,504-35-9275,"440 John Orchard
South Jennifer, WY 90116",N,miles
804,Isaac Galloway,173-84-4071,"877 Wade Island
New Alanhaven, OH 04813",Y,hours
805,Patricia Scott,885-48-1035,"119 Tricia Islands Suite 441
Port Jamieshire, AS 59399",N,hours
806,Laura Williams MD,747-64-4174,"59943 Case Stravenue
Davischester, IA 11256",N,miles
807,Monica Johnson,114-57-1548,"2348 Mcintosh Square Suite 745
Woodburgh, AL 18077",N,miles
808,Dr. Christina White,430-25-0529,"962 Matthew Locks Apt. 829
South Debraland, KS 01053",N,miles
809,Joshua Austin,573-93-1807,"16213 Patel Unions Apt. 970
South Melissaborough, MI 79248",N,miles
810,Kevin Ross,004-36-9332,"8865 Archer Turnpike
North Jonathan, NC 53462",N,hours
811,Tracy Walters,822-44-7252,"Unit 0254 Box 0388
DPO AP 06817",Y,hours
812,Cameron Brown,819-87-5668,"5985 Ashley Roads Suite 808
East Williambury, FM 27139",Y,hours
813,Frank Sanchez,606-93-8790,"1519 Curtis Valleys Suite 556
Nathanhaven, CO 40387",Y,hours
814,Ariana Smith,854-31-4489,"60068 Jillian Skyway
West Maurice, MN 21933",N,miles
815,Laura Brooks,482-49-4956,"0140 Daniel Knoll
Michaelview, IN 48185",N,miles
816,Jasmine Stark,843-57-8739,"097 Johnson Pine Apt. 199
Alisonland, ND 04754",N,hours
817,Mark George,748-49-4164,"108 Tina Canyon Suite 325
Clarenceborough, VA 48463",Y,miles
818,Tonya Brown,184-05-4643,"7428 Joshua Village
Hillstad, IL 22974",Y,hours
819,Kenneth Grant,270-01-2326,"8583 Moody Common Suite 326
Kylehaven, GU 35635",N,miles
820,Jeremy Anderson,578-93-2932,"65417 Brandon Mountain
West Belinda, DE 15665",N,miles
821,Sean Rose,821-32-0144,"702 Kevin Lodge Suite 636
Port Dalton, KS 96039",Y,miles
822,Mackenzie Mendoza,427-98-2159,"71308 Erika Villages
Juliechester, IL 96530",Y,miles
823,Jennifer Nelson,793-75-8137,"6812 Julia Tunnel
Kathyfort, SC 99164",Y,miles
824,Vanessa Robinson,310-76-1896,"1651 David Centers Apt. 254
Port Jefferyhaven, SD 31478",N,miles
825,Michael Torres,869-30-8946,"56503 Benson Fords Suite 331
Tanyaton, SD 18851",Y,hours
826,Cathy Li,033-04-3521,"014 Calvin Shoal
Lewistown, IA 48890",Y,hours
827,Brittany Smith,140-93-6684,"884 Nash Ranch Apt. 042
Lauraside, PA 32124",Y,hours
828,Gregory Pitts,330-67-8137,"831 Aguilar Estate Suite 927
East Jennifer, FM 87681",N,miles
829,Elizabeth Morgan,843-34-0012,"09551 Fisher View Suite 172
Laurenborough, GA 82395",N,miles
830,David Ortega,347-81-8285,"44002 Johnson Coves
East Anthonymouth, MN 26178",N,miles
831,Anthony Gibson,845-99-3912,"USNV Paul
FPO AP 27333",Y,miles
832,Aaron Mckinney,677-97-1907,"76406 Simmons Forest Suite 306
Ibarraberg, FM 68810",Y,hours
833,Dr. Jennifer Harrison MD,056-24-1994,"6506 Ballard Ramp Apt. 946
Port Lisamouth, IN 11133",Y,miles
834,Taylor Smith,899-85-8678,"68378 Palmer Via Suite 635
South Cheryl, CO 68407",Y,hours
835,Donald Hoffman,584-68-2840,"64250 Jonathan Tunnel
Combsbury, WV 84431",N,hours
836,Dr. Aaron Miller,269-14-1886,"93540 Rivera Highway Apt. 389
Jamesfurt, ND 11722",N,miles
837,Christina Russo,618-84-2016,"389 Craig Mountain Apt. 366
New Kelly, OK 10463",Y,miles
838,Erin Brown,593-18-2983,"471 Rivera Parkway
Campbellland, AS 86552",N,miles
839,Tracy Peters,415-83-7622,"53535 Gina Fields Apt. 246
Port Jason, TX 44002",N,hours
840,Johnny Beard,833-40-2600,"9003 Brown Locks Apt. 008
Oliviaberg, OH 90338",N,miles
841,Melanie Jenkins,653-53-4035,"288 Cruz Inlet Apt. 661
Woodbury, KY 18615",Y,miles
842,Kathleen Gomez,109-12-0786,"309 Mary Underpass
Adamhaven, OK 49754",Y,hours
843,Emily Bean,066-97-5247,"357 Natasha Expressway
Butlerfort, VI 57697",N,miles
844,Jeremy Mcguire,794-70-6078,"43074 Danny Avenue
Rhondatown, FM 87089",Y,hours
845,Brian Hampton,656-91-8482,"435 Palmer Turnpike Apt. 547
Dunlapshire, MH 83294",Y,miles
846,Dana Cannon,685-30-3548,"7885 Meyers Underpass Apt. 590
South Curtis, AL 44445",Y,miles
847,Angela Burgess,739-96-1669,"PSC 1418, Box 9721
APO AE 58075",Y,hours
848,Brian White,048-85-5539,"Unit 2636 Box 1832
DPO AP 97839",N,hours
849,Ashley Cross,297-15-6824,"402 Morris Extensions Suite 071
Donnaton, MT 75476",N,miles
850,Connor Hunter,569-08-1681,"42417 Maria Radial
Devonton, ID 17247",N,hours
851,Lindsay Perez,121-14-9477,"38326 Richard Brook
Port Kellyville, PA 68816",N,miles
852,Eric Huff,823-03-3720,"533 Melissa Locks
Evansmouth, IN 46231",N,miles
853,Erin Chapman,544-51-0649,"Unit 6693 Box 0646
DPO AA 91351",N,hours
854,Joshua Wright,628-20-5246,"375 Mary Drive
Beanfort, MH 86387",N,miles
855,James Mendoza,220-46-5901,"Unit 7803 Box 7435
DPO AE 14185",N,miles
856,Jean Jenkins,445-25-2176,"30909 David Run
New Traviston, PA 18654",Y,hours
857,Marie Porter,793-68-6280,"USNV Frank
FPO AP 42623",N,miles
858,James Stanley,453-86-9369,"1036 George Pines
North Tamara, MH 00925",N,hours
859,Adam Acosta,400-60-9664,"2196 Perry Divide
East Nicolefort, VA 29433",N,miles
860,Kathryn Shelton,180-07-8076,"Unit 6293 Box 6714
DPO AA 17432",Y,hours
861,Kelly Smith,553-83-0111,"430 Singleton Crescent Apt. 542
Lake Brandybury, WA 64713",Y,hours
862,Kenneth Russo,317-56-4986,"40051 Adkins Mountains Suite 535
Dustinville, ND 00780",Y,hours
863,George Perkins,028-49-9081,"PSC 1629, Box 9867
APO AP 58963",N,hours
864,Maurice Duffy,621-24-4347,"99909 Anderson Plains Apt. 612
Lake Sandraton, NH 39234",N,miles
865,Kathleen Hatfield,139-29-8818,"87758 Chelsea Flats Apt. 445
South Edwardhaven, AR 84925",N,hours
866,Debra Young,873-35-4798,"248 Cobb Mountain Suite 696
Tylerstad, ME 56257",Y,hours
867,Stephanie Thomas,011-54-3687,"21216 Webster Rapids
New Lauraburgh, MS 17400",N,hours
868,Amy Clark,165-75-0284,"98219 Smith Hill
South Kelly, VI 15587",N,miles
869,Melody Vargas,373-08-4713,"91589 Flores Harbors
Andersonchester, MI 52350",N,miles
870,William Jones,702-17-7416,"322 Price Club
Andrewstown, DE 66985",N,hours
871,Michael Hunt,709-87-7303,"710 Michael Gardens Apt. 550
Marshallview, VA 53311",N,miles
872,Paul Santiago,774-69-4758,"21532 Allen Wall
West Susan, NJ 50455",Y,miles
873,Cassandra Peters,821-16-4530,"31937 Lewis Crossroad
Bethberg, KS 89306",Y,hours
874,Derek Le,350-59-8409,"54541 Alyssa Corners Apt. 735
Meyerstad, OK 58979",N,miles
875,Michael Ellis,068-72-4484,"1246 Jose Branch Suite 027
New Jack, PA 47006",N,miles
876,Sarah Johnson,521-50-0409,"127 Bradley Mills Suite 245
North Tracy, MO 90533",Y,miles
877,Keith Bailey,263-03-6338,"393 Krause Square
South Chad, IA 96069",Y,miles
878,Matthew Miller,784-76-4957,"1289 Patrick Forest
Jefferyville, MT 83807",Y,hours
879,Debra Johnson,826-55-3473,"82492 Reed Bypass
Port Michelle, MP 92311",N,hours
880,Kevin George,535-76-2679,"2084 John Meadow
Sawyerton, ME 87004",Y,miles
881,Vanessa Jensen,461-97-5990,"Unit 9654 Box 8350
DPO AP 48164",N,miles
882,Daniel Rose,274-74-8531,"719 Stanley Shore Apt. 141
North Joshuaview, NY 05197",N,miles
883,Kim Flores,144-84-9507,"7950 Teresa Parks Apt. 784
Port Helenberg, DE 11336",Y,miles
884,Joseph Navarro,513-63-2869,"0030 Arnold Hill
Yorkmouth, ID 34651",Y,miles
885,Andrea Ramirez,648-42-2793,"8475 Gina Crossroad
South Curtis, UT 93698",N,hours
886,Thomas Wright,694-86-0001,"4795 Crystal Circle
Lake Nancy, WA 35618",N,hours
887,Tiffany Dillon,072-04-8070,"986 Danielle Meadows
New Sandratown, AZ 53509",Y,hours
888,Christopher Golden,602-04-7690,"265 Carmen Forks Suite 817
New Deborahstad, DE 05448",N,hours
889,Carolyn Morales,855-73-0304,"PSC 7467, Box 4162
APO AP 02582",N,miles
890,Tony Jones,540-12-2865,"3064 Andrew Unions Apt. 873
North Edward, NM 80372",N,miles
891,Derrick Hernandez,835-84-3787,"490 Hansen Mills Suite 270
Wolfton, NH 86617",N,miles
892,Tyler Reed,697-86-9494,"88174 Kelli Gateway Suite 114
Lake Scottfort, DC 93445",N,hours
893,Vanessa Salinas,800-28-6429,"9564 George Park Suite 396
North Dawnport, SC 22600",Y,miles
894,Johnny Johnson,460-16-2852,"38345 Munoz Extensions
East William, NE 25497",N,hours
895,Joseph Chan,497-42-9269,"PSC 5272, Box 9708
APO AE 64233",N,miles
896,Daniel Garcia,066-03-5810,"5017 Alexandra Mews Suite 707
Josephfort, HI 67963",N,miles
897,Amy Velazquez,593-85-6912,"1250 Hunter Meadows Suite 119
East Mary, NV 91681",N,hours
898,Jimmy Patel,329-93-9752,"673 Leslie Station
Lake Lisa, RI 07467",N,miles
899,Corey Bailey,244-04-0052,"4734 Martinez Throughway
Sandrafurt, NC 07828",Y,miles
900,Teresa Wu,462-23-5899,"323 Scott Islands
North Kathleen, PR 20691",N,hours
901,David Hayes,420-25-5239,"275 Smith Divide
Walkermouth, SD 05754",N,hours
902,David Hughes,039-30-4233,"688 Wallace Fields
South Roy, PA 95080",N,miles
903,Brandy Mcneil,364-35-1444,"1722 Amanda Loaf Apt. 899
Port Justinland, VI 98311",Y,hours
904,Johnny Edwards,884-56-4750,"06044 Williams Ramp
Natalieberg, MI 40600",N,hours
905,Jill West,553-49-0362,"USS Alexander
FPO AE 93545",N,miles
906,Bethany Beck,059-27-6835,"USNS Johnson
FPO AE 75008",N,hours
907,Tonya Boyer,484-31-5836,"Unit 8616 Box 5374
DPO AA 50441",Y,hours
908,Monica Rogers,668-80-3769,"7793 Randall Knoll
Port Kelli, GA 88547",Y,hours
909,Nicole Moreno,641-01-9667,"0320 Hill Summit Suite 335
Lake Coreyside, VT 41673",Y,miles
910,Miranda Best,420-23-5766,"324 Denise Plains Suite 170
Lake Dennis, TN 02702",N,hours
911,Bryce White,464-24-4819,"3824 Ashley Mount
Clementsborough, NJ 80936",N,miles
912,Laurie Hall,680-64-3509,"11052 Alexis Fords
Philipmouth, MI 02795",Y,miles
913,Kristine Jones,200-55-8284,"35563 Cody Valley Suite 557
Courtneyport, MN 86878",Y,miles
914,Patricia Wells,515-37-9912,"99422 Aguirre Camp Suite 458
Jimmytown, KS 58434",N,hours
915,Haley Black,232-75-0625,"PSC 1526, Box 4781
APO AA 19133",N,miles
916,John Kennedy,014-49-8642,"4758 Cobb Isle Suite 006
Catherineshire, AR 88539",N,hours
917,David Smith,190-67-6823,"32665 Newton Extensions Suite 405
Port Joseph, FM 16412",Y,miles
918,Jacqueline Smith,106-64-6180,"21871 Christopher Neck
Millschester, SD 40023",Y,miles
919,William Moody,186-85-9664,"16036 Kevin Park Suite 796
Laurenstad, HI 21731",N,miles
920,Marisa Hinton,677-12-6452,"0179 Kevin Avenue
West Stephanie, CO 29475",Y,miles
921,Rhonda Vasquez,729-19-3474,"2360 Turner Stream Apt. 124
Alexanderberg, GU 74061",N,miles
922,Harold Crosby,834-58-0664,"69458 Kristina Falls Suite 349
Jesseview, OK 24735",Y,hours
923,Gregory Pacheco,253-20-2357,"630 Stephen Row Apt. 966
Lake Timothy, NV 49857",N,miles
924,Tina Willis,899-26-6216,"932 Perry Junctions Suite 038
Hallton, GU 50912",N,hours
925,Karen Adams,808-96-2896,"108 Pamela Isle
Westbury, DE 29237",Y,hours
926,Andrew Bishop DVM,531-44-4850,"11523 Miller Canyon Apt. 720
Jenkinsburgh, OH 59504",Y,miles
927,Audrey Herrera,470-13-1544,"1599 Jessica Forges Apt. 599
Lake Timothytown, MI 39243",N,hours
928,Alex Scott,632-97-9940,"Unit 4265 Box 7692
DPO AA 69906",N,miles
929,Jennifer Willis,614-98-0092,"94881 Michael Land Apt. 617
Stacymouth, AK 87823",N,hours
930,Dr. Brianna Perez,038-26-8303,"56447 Taylor Rapid Suite 112
South Joyce, MD 85719",Y,miles
931,Heather Williams,377-09-1850,"6568 Grace Parks
Murphyland, NC 29449",N,miles
932,Mrs. Caroline Brown,579-97-5634,"8755 Douglas Springs Apt. 780
East Lori, ND 17081",Y,miles
933,Amber Crawford,268-10-8658,"5832 Christopher Hills Suite 295
Powellport, NY 03915",Y,hours
934,Miguel Davis,640-83-8913,"PSC 6472, Box 3320
APO AE 20600",N,miles
935,Kristina Brown,879-54-9393,"144 Johnson Junctions
East Patrick, VI 86474",N,miles
936,Zachary Mckinney,084-31-0394,"24861 Garcia Field
Mendezstad, NV 07779",N,miles
937,Michele Lewis,674-23-5291,"35192 Johnston Plaza Apt. 786
Markville, IN 41066",N,miles
938,Melissa Ramirez,458-99-6504,"803 Frazier Dale
Teresaview, CO 77606",Y,hours
939,Nathan Wilkins,462-33-8167,"3761 Deborah Bypass
Lake Jonathon, TN 59770",Y,hours
940,Stephen Cochran,084-95-3375,"191 Benjamin Greens
Port Carl, MA 31758",N,hours
941,Jacob Sanders,630-43-1278,"513 Brown Light
Leonbury, WA 84330",N,miles
942,Matthew Santiago,204-12-0111,"USCGC Johnson
FPO AA 34846",N,hours
943,Zachary Murphy,203-11-7918,"0185 Warner Inlet
Thomasberg, AL 70478",N,miles
944,Christopher Montgomery PhD,558-30-9870,"44746 Tracy Forges Suite 340
Port Debra, CO 46115",Y,miles
945,Jeffrey Cole,752-56-2217,"4559 Rebecca Underpass Suite 852
Jermainemouth, MH 55577",Y,miles
946,Charles Flynn,086-92-5038,"0161 Morris Circle
Lake Nicole, OH 57884",N,miles
947,Sarah Rowland,450-42-1383,"977 Preston Summit Apt. 167
New Christopher, PW 92059",N,miles
948,Richard Baldwin,522-67-7765,"8926 Bob Drive Suite 817
Faithview, NC 62439",N,hours
949,Kathy Henry,850-44-5986,"645 Pamela Burg Suite 399
Rogerland, VT 53856",N,hours
950,Kimberly Church,218-84-4291,"3556 Cook Crest Apt. 495
Floresview, MD 43719",Y,miles
951,Andrea Hernandez,057-27-2645,"26892 Lopez Unions Suite 133
Kimland, AK 25278",N,miles
952,Latasha Crawford,787-42-2280,"216 Sullivan Knoll Suite 428
Donaldville, MP 22330",Y,miles
953,Melanie Martin,023-71-0154,"74942 Natasha Glen Suite 400
South Billy, NV 58062",N,hours
954,Jessica Rodriguez,455-82-7270,"USCGC Lopez
FPO AA 70811",N,miles
955,Christine Newman,825-10-4886,"61055 Watson Curve
New Kyle, NH 21059",N,miles
956,Kristen Wilson,265-57-0647,"68936 Ho Stravenue Apt. 662
Lake Angelica, TN 82398",N,miles
957,Paul Hill,537-34-8370,"70063 Linda Plains Suite 354
East Megan, MO 05550",Y,hours
958,Rebecca Ward,780-80-2087,"17427 Tyler Ford
Pricechester, NC 58728",N,hours
959,Richard Clayton,432-75-9961,"PSC 0211, Box 6911
APO AE 75534",N,miles
960,Tracey Garcia,653-70-9831,"153 Gibson Hill Suite 953
Landryside, KS 43663",Y,miles
961,Jacqueline Nolan,280-77-5349,"PSC 5705, Box 9173
APO AA 79918",N,hours
962,Brian Collins,005-07-4616,"689 Suzanne Streets
Dawsonmouth, CT 83753",Y,hours
963,Jodi Brewer,261-02-4685,"950 Carter Overpass
West Jamesport, KS 33663",Y,hours
964,Mr. John Robinson,343-03-3348,"USNV Lynn
FPO AE 77303",Y,miles
965,Jennifer Graham,009-30-6281,"USS White
FPO AE 76722",Y,miles
966,Brandi Strong,678-05-3614,"Unit 7350 Box 3541
DPO AA 87260",Y,hours
967,Monica Casey,269-47-9668,"993 Montgomery Well Apt. 816
Port Diamondberg, NC 71296",Y,hours
968,Joshua Hall,438-17-0570,"07036 Mary Pines
Port Lisa, AK 89277",Y,hours
969,Tyler Greer,204-67-5078,"557 Gonzalez Flat
Henryland, TX 69677",Y,miles
970,Natalie Walker,790-40-5181,"78269 Sean Stravenue Apt. 521
Lake Daniel, RI 51466",Y,miles
971,Anita Mcdowell,031-67-3432,"2684 Cannon Manor
Briannabury, SC 16178",N,miles
972,Stephanie Good,677-42-0612,"613 Austin Haven
Jenniferbury, AR 77486",N,miles
973,Charles Walters,517-62-5835,"43477 Cynthia Radial
Nathanberg, SD 69269",Y,miles
974,Stephanie Adams,504-33-1787,"40443 Hill Knolls
North Lauriebury, KS 72241",Y,hours
975,Steve Jones,090-43-4028,"784 Hernandez Points
Roseville, PR 08290",N,miles
976,Christine Lawson,400-85-1456,"PSC 3647, Box 0745
APO AE 08326",N,hours
977,Hannah Henderson,574-90-5922,"864 Dylan Creek
Lake Cindyhaven, AK 26518",Y,hours
978,Theresa Chapman MD,528-73-7067,"PSC 1777, Box 4630
APO AE 02782",Y,miles
979,Paige Smith,097-92-5802,"37427 Woods Drives
East Melissafort, IL 14709",N,miles
980,Jennifer Hunt,127-46-6185,"7005 Suzanne Neck Apt. 558
Gonzalezport, NJ 11008",N,hours
981,Anthony Rich,481-22-6237,"51284 Kristina Parks
Carrieton, SC 97106",N,miles
982,James Brown,374-37-9119,"69926 Wallace Manors
Marytown, NH 13622",Y,miles
983,Deborah Baldwin,045-07-7025,"45161 Sarah Crossing Suite 887
North Sandra, VT 53990",N,miles
984,Cynthia Diaz,767-04-3101,"776 Livingston Light Suite 977
North Zacharychester, MT 21936",Y,hours
985,Raymond Hawkins,015-53-4097,"Unit 1966 Box 1257
DPO AE 54915",N,miles
986,Joshua Stephenson,119-38-8825,"1465 Kelly Glen Apt. 862
Lake Yvette, ME 95521",N,hours
987,Wendy Allison,453-81-1455,"114 Elizabeth Estates
Lynchview, NC 67804",N,hours
988,Ryan Hobbs,150-19-3724,"Unit 5193 Box 4714
DPO AA 24683",N,hours
989,Albert Brown,593-19-5027,"03892 Simpson Ranch Apt. 099
Jamesmouth, DC 98532",Y,hours
990,Alyssa Davis,651-95-1896,"13071 Jennifer Mountain Apt. 105
New Megan, WI 36322",Y,hours
991,Crystal Garcia,070-73-6450,"770 Stephanie Light Suite 816
East Alejandrochester, AK 70140",Y,miles
992,Jessica Bender,744-34-2665,"60194 Jason Ramp Apt. 038
Burtonfort, VA 63132",Y,hours
993,Linda Holloway,687-47-0693,"Unit 6993 Box 5781
DPO AA 11834",Y,miles
994,Elizabeth Gregory,050-29-8312,"9817 Williams Coves
Samanthabury, NC 93328",Y,miles
995,Mr. Aaron Kelly V,821-15-1994,"55874 Sandra Grove Apt. 652
Vaughnborough, NJ 27199",N,hours
996,Donald Young,527-45-7307,"68318 Delgado Well
Port Jimmymouth, ID 28569",N,miles
997,Billy French,737-63-0355,"1008 Acosta Trace Apt. 743
New Kayla, MT 87004",N,hours
998,Sabrina Lee,576-12-7955,"0816 Philip Fields Suite 362
East Gregory, GA 21139",Y,hours
999,Harry Armstrong,503-41-5914,"140 Edwards Plaza Suite 989
Robinsonmouth, IN 58874",Y,miles
1000,Luis Evans,679-54-1197,"296 Jodi Divide Apt. 562
Barbarahaven, ME 16433",N,miles
1001,Chelsea Coleman,845-92-7784,"67675 David Flat
Port Oscarmouth, AL 83197",Y,miles
1002,Jason Atkins,840-77-2468,"6790 Savage Bypass Apt. 472
Maxwellfurt, FL 98771",N,hours
1003,Jessica Banks,535-16-4309,"38489 Katherine Ridges Suite 661
South Mckenzie, MO 61305",Y,hours
1004,Matthew Willis,405-95-5802,"75371 Patricia Lock Apt. 890
Port Alexander, AR 17893",Y,hours
1005,Joshua Gordon,070-20-1654,"82381 Cheryl Neck
Robertland, DE 65634",Y,miles
1006,Mark Gomez,056-36-4070,"926 Rowe Land Apt. 378
East Williamchester, PA 93557",N,miles
1007,Christian Williams,544-71-5945,"134 Charles Unions
Parkerhaven, ID 56521",N,miles
1008,Christine Nunez,899-50-3276,"79792 Wanda Overpass
Port Paula, PW 44467",Y,hours
1009,Erin Hunter,094-59-8579,"41121 Gaines Tunnel
Port Jessicaport, OH 24451",Y,miles
